outer_fold,index,y_true,y_pred
1,0,0.0,-0.005361989
1,1,0.2557297,0.46569967
1,2,0.3878949,0.5994083
1,3,0.5143497,0.67683
1,4,0.6919259,0.7378023
1,5,0.831785,0.7914445
1,6,0.8692767,0.8352329
1,7,0.92872113,0.86807895
1,8,0.9734538,0.8909986
1,9,0.98359805,0.9063358
1,10,1.0,0.916504
1,11,0.0,0.006435916
1,12,0.14823864,0.16800958
1,13,0.3812204,0.27205586
1,14,0.62057745,0.3927635
1,15,0.8572579,0.52844524
1,16,0.9597909,0.659846
1,17,0.968919,0.7698027
1,18,0.97542816,0.8500954
1,19,0.98355424,0.9015907
1,20,0.9951057,0.9318766
1,21,0.997543,0.94916326
1,22,0.0,0.00013448298
1,23,0.47708383,0.41385543
1,24,0.692104,0.4892549
1,25,0.83465993,0.56025785
1,26,0.91297305,0.63557816
1,27,0.94346404,0.708546
1,28,0.95731413,0.77412945
1,29,0.96253175,0.8291752
1,30,0.9689737,0.87128925
1,31,0.97546023,0.9004099
1,32,0.9819594,0.9192741
1,33,0.0,-0.0007121563
1,34,0.28566968,0.3543427
1,35,0.39263427,0.4841444
1,36,0.47084016,0.5802546
1,37,0.5076815,0.66553444
1,38,0.54799557,0.75107
1,39,0.57948035,0.826044
1,40,0.60847205,0.8794832
1,41,0.64078504,0.91149276
1,42,0.6728438,0.92854875
1,43,0.70478356,0.9370629
1,44,0.0,0.010109603
1,45,0.6674007,0.64073193
1,46,0.9294665,0.8165916
1,47,0.98915005,0.87905705
1,48,0.9879457,0.9056172
1,49,0.983871,0.92340755
1,50,0.9919774,0.9364773
1,51,1.0013477,0.9448923
1,52,1.0094228,0.9498674
1,53,1.0104806,0.9528217
1,54,1.0080645,0.95467806
1,55,0.0,-0.010152489
1,56,0.29330295,0.4305241
1,57,0.39590085,0.5653927
1,58,0.45845732,0.6402449
1,59,0.51774794,0.6904117
1,60,0.5533067,0.73470145
1,61,0.5807382,0.77335256
1,62,0.65012765,0.804066
1,63,0.6835262,0.82592237
1,64,0.70285535,0.83949095
1,65,0.73366493,0.8461806
1,66,0.0,0.0006840527
1,67,0.641429,0.26935267
1,68,0.7450742,0.36998793
1,69,0.80756724,0.47935843
1,70,0.88855135,0.58112204
1,71,0.96516436,0.6709903
1,72,0.99151343,0.7483565
1,73,0.9969119,0.8139991
1,74,0.99824756,0.86633563
1,75,0.9977126,0.9035674
1,76,0.99459606,0.9272583
1,77,0.0,0.017144606
1,78,0.18263717,0.15311563
1,79,0.2967775,0.2391629
1,80,0.43111354,0.32707974
1,81,0.686884,0.42015976
1,82,0.8876091,0.52300155
1,83,0.8956754,0.6239293
1,84,0.9037418,0.7146401
1,85,0.9108298,0.7890825
1,86,0.86606526,0.8442547
1,87,0.8213007,0.88129526
1,88,0.0,0.017683595
1,89,0.17090093,0.13528764
1,90,0.33547005,0.21039157
1,91,0.58232486,0.30679655
1,92,0.83627415,0.40879732
1,93,0.97144544,0.52903134
1,94,0.95864415,0.6485912
1,95,0.9187394,0.75114036
1,96,0.82814765,0.82731074
1,97,0.8059351,0.87664884
1,98,0.81454545,0.90523666
1,99,0.0,0.0077621937
1,100,0.31686592,0.3613413
1,101,0.39830062,0.47029626
1,102,0.46846414,0.5669861
1,103,0.6065447,0.64003885
1,104,0.67990077,0.6969053
1,105,0.79077375,0.7409232
1,106,0.8939018,0.7746312
1,107,0.93151367,0.8001367
1,108,0.9422984,0.8194141
1,109,0.9081886,0.83429116
1,110,0.0,0.013538793
1,111,0.10060325,0.13922086
1,112,0.17793962,0.2094112
1,113,0.26516846,0.28760335
1,114,0.3530292,0.36414057
1,115,0.4304194,0.4630491
1,116,0.5209858,0.5739733
1,117,0.5983163,0.6819106
1,118,0.7061674,0.77367467
1,119,0.8234477,0.8418455
1,120,0.9295737,0.8864
1,121,0.0,0.021135911
1,122,0.10063845,0.12628597
1,123,0.17803842,0.1892837
1,124,0.25918996,0.27738062
1,125,0.39243045,0.357727
1,126,0.5491978,0.43460542
1,127,0.6353481,0.5023738
1,128,0.707861,0.560354
1,129,0.7543145,0.60928583
1,130,0.77608716,0.6499995
1,131,0.7852514,0.68324447
1,132,0.0,0.0009305924
1,133,0.07276213,0.41148126
1,134,0.085313946,0.5052451
1,135,0.09705604,0.5913819
1,136,0.13262,0.6621276
1,137,0.16518098,0.7196383
1,138,0.41759503,0.7661292
1,139,0.80819845,0.80336773
1,140,0.91698354,0.83303475
1,141,0.98730594,0.8566216
1,142,1.0208033,0.8749042
1,143,0.0,0.005314514
1,144,0.023026973,0.22257484
1,145,0.076043956,0.33011532
1,146,0.19503924,0.42436573
1,147,0.426562,0.5429819
1,148,0.5862637,0.668177
1,149,0.7276923,0.77730197
1,150,0.8482017,0.85528725
1,151,0.91274726,0.9016643
1,152,0.9659231,0.9258408
1,153,0.989011,0.93729997
1,154,0.0,0.013817877
1,155,0.01483416,0.08014229
1,156,0.04287987,0.11386935
1,157,0.07824485,0.14632095
1,158,0.14906023,0.22347885
1,159,0.4236777,0.33218732
1,160,0.6679916,0.48019212
1,161,0.8418963,0.6402403
1,162,0.9400174,0.76908165
1,163,0.9769845,0.8498432
1,164,0.9959266,0.8931712
1,165,0.0,0.0027175099
1,166,0.5819032,0.53030396
1,167,0.67645836,0.6649921
1,168,0.6915082,0.71837825
1,169,0.6892558,0.7549496
1,170,0.6911061,0.7866719
1,171,0.6909085,0.81128484
1,172,0.6907018,0.8283828
1,173,0.69261616,0.83896524
1,174,0.7027669,0.84455115
1,175,0.7169411,0.84668046
1,176,0.0,-0.0009844899
1,177,0.085233584,0.3480664
1,178,0.17866047,0.44184533
1,179,0.22117138,0.51928604
1,180,0.30668575,0.58944416
1,181,0.41052246,0.6511167
1,182,0.50107,0.7026506
1,183,0.56971884,0.7440617
1,184,0.61540216,0.77574277
1,185,0.6524425,0.79876894
1,186,0.6919327,0.81477714
1,187,0.0,0.0010556281
1,188,0.5377371,0.43084657
1,189,0.57696176,0.5340205
1,190,0.64870197,0.62682915
1,191,0.7178538,0.70218563
1,192,0.7557263,0.76234406
1,193,0.80157536,0.80995923
1,194,0.8398385,0.8472127
1,195,0.8600287,0.8757514
1,196,0.8902754,0.89662904
1,197,0.93047035,0.9110346
1,198,0.0,-0.0063521117
1,199,0.2607468,0.38328484
1,200,0.35045114,0.49593765
1,201,0.42998734,0.6089161
1,202,0.51734114,0.70343256
1,203,0.5958754,0.7773721
1,204,0.6915494,0.8327959
1,205,0.8783558,0.8730088
1,206,0.95426536,0.9016705
1,207,0.974828,0.92228097
1,208,1.0017698,0.93722904
1,209,0.0,0.017784908
1,210,0.13557988,0.13113806
1,211,0.24775235,0.20199573
1,212,0.33269778,0.29039693
1,213,0.40531927,0.37848848
1,214,0.47516522,0.48590785
1,215,0.5450604,0.5989838
1,216,0.61185205,0.7029612
1,217,0.6786437,0.787166
1,218,0.7454354,0.84731317
1,219,0.8122271,0.88565487
1,220,0.0,0.00023287535
1,221,0.69738865,0.23801468
1,222,0.8330968,0.36137736
1,223,0.89454705,0.42422432
1,224,0.9183444,0.4848168
1,225,0.9419889,0.5466917
1,226,0.94814914,0.6049093
1,227,0.95430946,0.6556432
1,228,0.96125257,0.6972319
1,229,0.96879834,0.72943765
1,230,0.9763441,0.75296646
1,231,0.0,0.00033955276
1,232,0.60731184,0.23672223
1,233,0.7612764,0.35992306
1,234,0.79333484,0.422683
1,235,0.81405216,0.48351473
1,236,0.8344086,0.54590344
1,237,0.8344086,0.6047236
1,238,0.8344086,0.6560243
1,239,0.8445191,0.698088
1,240,0.8631198,0.73066187
1,241,0.8817204,0.75445956
1,242,0.0,-0.007485062
1,243,0.36248899,0.35975462
1,244,0.55841136,0.49121875
1,245,0.60475975,0.5665209
1,246,0.6056245,0.6124247
1,247,0.606937,0.6483477
1,248,0.61810035,0.6778841
1,249,0.62926376,0.70082307
1,250,0.65769625,0.7173308
1,251,0.70089114,0.7281499
1,252,0.744086,0.7343045
1,253,0.0,0.0130688995
1,254,0.34018213,0.3187079
1,255,0.45951083,0.44018185
1,256,0.55312085,0.5423384
1,257,0.606402,0.61780363
1,258,0.6774516,0.6750473
1,259,0.6836828,0.7183657
1,260,0.689914,0.75103605
1,261,0.7008694,0.7754803
1,262,0.7168368,0.79362893
1,263,0.73280424,0.80706114
1,264,0.0,-0.0069848597
1,265,0.21996613,0.3521766
1,266,0.22978716,0.45513898
1,267,0.29204527,0.5505965
1,268,0.3930147,0.6591568
1,269,0.48938107,0.7685556
1,270,0.5962226,0.8564902
1,271,0.7081896,0.91334933
1,272,0.7486389,0.944823
1,273,0.7761359,0.96114594
1,274,0.8036329,0.96968853
1,275,0.0,0.0034308583
1,276,0.17272678,0.17538816
1,277,0.21563159,0.2567393
1,278,0.25887594,0.32068634
1,279,0.32891896,0.39401078
1,280,0.488774,0.47944313
1,281,0.67154056,0.56031644
1,282,0.74506116,0.62751853
1,283,0.793025,0.67904425
1,284,0.8056747,0.7161825
1,285,0.79832774,0.74130493
1,286,0.0,-0.00541234
1,287,0.56957835,0.38381255
1,288,0.6511141,0.54684293
1,289,0.7149305,0.667554
1,290,0.7983265,0.75450855
1,291,0.81371874,0.82526094
1,292,0.8747633,0.88074917
1,293,0.91315126,0.91668314
1,294,0.94201607,0.93580574
1,295,0.9393584,0.9444429
1,296,0.908202,0.94768536
1,297,0.0,0.019884497
1,298,0.24885337,0.1844701
1,299,0.31533393,0.29086626
1,300,0.43124458,0.39893126
1,301,0.5509229,0.5177238
1,302,0.6542751,0.6376783
1,303,0.75696397,0.74564093
1,304,0.85159063,0.8290263
1,305,0.9456456,0.88377255
1,306,0.95600444,0.9157518
1,307,0.9631816,0.93351775
1,308,0.0,0.0019503385
1,309,0.26541352,0.2780441
1,310,0.50425214,0.44399732
1,311,0.6467368,0.5606931
1,312,0.73291904,0.659964
1,313,0.8207046,0.74413383
1,314,0.879842,0.81328547
1,315,0.91627574,0.8648866
1,316,0.9522998,0.8983452
1,317,0.97297424,0.91751117
1,318,0.9936487,0.92775184
1,319,0.0,0.003926024
1,320,0.506527,0.59134
1,321,0.66022146,0.70302594
1,322,0.7082314,0.7418619
1,323,0.7431799,0.78686804
1,324,0.7887265,0.8446613
1,325,0.82963586,0.8976844
1,326,0.86395216,0.93468356
1,327,0.9146189,0.95641714
1,328,0.99851114,0.9681275
1,329,1.0185614,0.97431856
1,330,0.0,-0.008709177
1,331,0.5617328,0.53580546
1,332,0.6660266,0.68003637
1,333,0.7661288,0.75805676
1,334,0.8624585,0.82024884
1,335,0.9158245,0.8727523
1,336,0.93755955,0.9118127
1,337,0.9725623,0.93766826
1,338,0.995003,0.9534608
1,339,0.997804,0.96261865
1,340,0.99459547,0.9676173
1,341,0.0,0.02392584
1,342,0.23877485,0.14614028
1,343,0.36044443,0.21992937
1,344,0.39582014,0.29980528
1,345,0.44819444,0.37295833
1,346,0.501277,0.446788
1,347,0.5543596,0.5160748
1,348,0.6114487,0.5786036
1,349,0.66853786,0.63328844
1,350,0.725627,0.67954534
1,351,0.7276607,0.7173279
1,352,0.0,0.0029919893
1,353,0.2589471,0.5114446
1,354,0.5552554,0.6461569
1,355,0.79601383,0.7160801
1,356,0.9415703,0.7741886
1,357,0.9780374,0.8253411
1,358,0.99298096,0.8658015
1,359,1.0025047,0.8950436
1,360,1.0037023,0.91488755
1,361,1.0049,0.9281962
1,362,1.0060976,0.9374508
2,0,0.0,0.021355152
2,1,0.12313301,0.17970899
2,2,0.31146702,0.26997274
2,3,0.45653188,0.37290907
2,4,0.65278924,0.51511097
2,5,0.8974241,0.6660704
2,6,0.9407824,0.78029644
2,7,0.98194236,0.85619926
2,8,0.97902286,0.89636093
2,9,0.97610337,0.9167559
2,10,0.99461883,0.9277904
2,11,0.0,0.018455744
2,12,0.059096947,0.17451859
2,13,0.08794835,0.26839423
2,14,0.14171907,0.38107833
2,15,0.2902367,0.54885536
2,16,0.5029446,0.69798505
2,17,0.7505171,0.80782616
2,18,0.92925024,0.8747637
2,19,0.9601915,0.9084692
2,20,0.98618287,0.92550814
2,21,1.0,0.93482226
2,22,0.0,0.025758505
2,23,0.47042865,0.2823425
2,24,0.5523332,0.42322564
2,25,0.6758606,0.5816602
2,26,0.75775814,0.6835623
2,27,0.8298969,0.7721827
2,28,0.8894024,0.8392774
2,29,0.92256683,0.88232267
2,30,0.96114194,0.9082443
2,31,0.98280305,0.9240031
2,32,1.0,0.93393725
2,33,0.0,0.024973989
2,34,0.008708043,0.04340449
2,35,0.04085027,0.0372625
2,36,0.077872716,0.05806479
2,37,0.12643036,0.11228794
2,38,0.25766793,0.21007437
2,39,0.41058478,0.35477442
2,40,0.5731366,0.6076992
2,41,0.8304305,0.7840072
2,42,0.92075825,0.8627047
2,43,0.9974385,0.8912063
2,44,0.0,0.032096505
2,45,0.09011955,0.122784734
2,46,0.14093833,0.15211079
2,47,0.25454968,0.19171825
2,48,0.36155733,0.25767928
2,49,0.4169925,0.36270052
2,50,0.6334347,0.5122334
2,51,0.84481454,0.67137694
2,52,0.9514164,0.7816205
2,53,1.0015339,0.84803885
2,54,1.0067992,0.88159883
2,55,0.0,0.04937899
2,56,0.28695545,0.40117443
2,57,0.4071652,0.5656872
2,58,0.51335394,0.6390223
2,59,0.6200866,0.7003543
2,60,0.6725775,0.75416756
2,61,0.703062,0.7982451
2,62,0.72969484,0.8325812
2,63,0.75847083,0.85860467
2,64,0.790943,0.87808514
2,65,0.8267327,0.8926145
2,66,0.0,0.055153012
2,67,0.31329468,0.253209
2,68,0.36557335,0.34055838
2,69,0.4030773,0.4120296
2,70,0.48612514,0.49516672
2,71,0.61241716,0.57166505
2,72,0.67837745,0.6337519
2,73,0.7404881,0.6805154
2,74,0.80364263,0.7228736
2,75,0.8658504,0.7583158
2,76,0.92753625,0.7859963
2,77,0.0,0.042131245
2,78,0.23125322,0.26581037
2,79,0.4026074,0.36879322
2,80,0.49786225,0.48074108
2,81,0.5648926,0.60159105
2,82,0.70012987,0.7188213
2,83,0.7862338,0.81369865
2,84,0.85107744,0.87161493
2,85,0.8734007,0.9017917
2,86,0.9300939,0.9176143
2,87,1.0012121,0.9264367
2,88,0.0,0.039679646
2,89,0.30391535,0.28621602
2,90,0.42121428,0.38850436
2,91,0.51436037,0.4990804
2,92,0.5899533,0.6146891
2,93,0.64766747,0.7347032
2,94,0.7983517,0.82813686
2,95,0.91974777,0.8831436
2,96,0.97136575,0.9111388
2,97,0.94355905,0.92573565
2,98,0.87982064,0.93389606
2,99,0.0,0.02028519
2,100,0.033062644,0.12787753
2,101,0.051044084,0.1785796
2,102,0.10167872,0.2497069
2,103,0.14802784,0.35960394
2,104,0.31117257,0.5503197
2,105,0.68246216,0.72490746
2,106,0.89045995,0.83732045
2,107,0.9341781,0.8958856
2,108,0.9487239,0.9221001
2,109,0.96055686,0.9348598
2,110,0.0,0.02946961
2,111,0.06913827,0.10627353
2,112,0.14375417,0.13065645
2,113,0.20681363,0.17394805
2,114,0.28817636,0.251002
2,115,0.38476953,0.37149048
2,116,0.45631263,0.5393147
2,117,0.5478958,0.70220494
2,118,0.62555414,0.80946314
2,119,0.7643651,0.86745274
2,120,0.8797595,0.894965
2,121,0.0,0.033361673
2,122,0.11276269,0.13232684
2,123,0.18801472,0.16712081
2,124,0.2717919,0.21393952
2,125,0.35450345,0.28925857
2,126,0.4426616,0.40355748
2,127,0.53518045,0.55904806
2,128,0.61389124,0.70158005
2,129,0.7286621,0.8011048
2,130,0.83013076,0.8582252
2,131,0.93836856,0.8871398
2,132,0.0,0.029375255
2,133,0.08479592,0.1258657
2,134,0.23882784,0.16306716
2,135,0.4397174,0.22351465
2,136,0.6440898,0.32114324
2,137,0.7628524,0.45589852
2,138,0.8086028,0.6226646
2,139,0.85251963,0.75753105
2,140,0.8882752,0.8436327
2,141,0.8969011,0.8868757
2,142,0.9054945,0.9079893
2,143,0.0,0.042466313
2,144,0.013007294,0.21471176
2,145,0.045052674,0.28245738
2,146,0.07830639,0.3369817
2,147,0.19441012,0.40083987
2,148,0.5409922,0.49822447
2,149,0.85532546,0.597599
2,150,0.9128126,0.6769623
2,151,0.9034409,0.7446568
2,152,0.87672496,0.797632
2,153,0.86354214,0.8339613
2,154,0.0,0.054000586
2,155,0.44449717,0.3211546
2,156,0.57148224,0.4490552
2,157,0.68103594,0.556326
2,158,0.752772,0.6207595
2,159,0.79006714,0.6667712
2,160,0.8243733,0.70813537
2,161,0.8526591,0.74438137
2,162,0.8670801,0.774458
2,163,0.8714833,0.7984215
2,164,0.8761261,0.81704223
2,165,0.0,0.03812328
2,166,0.47915643,0.47024783
2,167,0.66213083,0.57237244
2,168,0.70210475,0.6441438
2,169,0.8026913,0.7052078
2,170,0.89769083,0.7549619
2,171,0.9136872,0.79496706
2,172,0.93933254,0.8266926
2,173,0.9749919,0.8515538
2,174,0.99086434,0.87078
2,175,0.997996,0.88546485
2,176,0.0,0.040951133
2,177,0.2652764,0.4159003
2,178,0.3666937,0.5564127
2,179,0.45629445,0.6518042
2,180,0.542791,0.7251545
2,181,0.62458366,0.78085977
2,182,0.69493383,0.8208822
2,183,0.81004506,0.8492894
2,184,0.9290379,0.86986053
2,185,0.9501052,0.8851898
2,186,0.9754587,0.89687574
2,187,0.0,0.03208667
2,188,0.7000063,0.5487911
2,189,0.77985793,0.643364
2,190,0.816697,0.7096241
2,191,0.82854265,0.7548554
2,192,0.83047616,0.7863188
2,193,0.83047616,0.8092084
2,194,0.827928,0.8264794
2,195,0.8273217,0.839883
2,196,0.82857144,0.8504685
2,197,0.82857144,0.858912
2,198,0.0,0.049219728
2,199,0.33173633,0.35097337
2,200,0.35777,0.48836246
2,201,0.41243976,0.58286875
2,202,0.50215006,0.65399283
2,203,0.6020352,0.72622204
2,204,0.7178601,0.78929317
2,205,0.8429531,0.836899
2,206,0.8913744,0.8695166
2,207,0.9250198,0.8910346
2,208,0.95866513,0.9052602
2,209,0.0,0.045811683
2,210,0.21215956,0.21646276
2,211,0.25053665,0.28870094
2,212,0.33675274,0.34845898
2,213,0.4454918,0.41908348
2,214,0.59024704,0.52159166
2,215,0.75518745,0.6113913
2,216,0.83867407,0.68277884
2,217,0.84423417,0.74297273
2,218,0.8488778,0.7902634
2,219,0.8423298,0.82358927
2,220,0.0,0.028058887
2,221,0.08988087,0.09461349
2,222,0.14856507,0.11801517
2,223,0.19487135,0.16398874
2,224,0.32503444,0.2465103
2,225,0.55087286,0.37410152
2,226,0.7297041,0.5652268
2,227,0.8848686,0.72731584
2,228,0.904292,0.8261625
2,229,0.9121638,0.8756568
2,230,0.9271674,0.8983445
2,231,0.0,0.026215255
2,232,0.22643852,0.24847007
2,233,0.3585951,0.36513412
2,234,0.552722,0.4990057
2,235,0.7076087,0.62942606
2,236,0.7940618,0.7346133
2,237,0.8078081,0.81859505
2,238,0.8152008,0.8712189
2,239,0.828601,0.90076137
2,240,0.8403763,0.9175142
2,241,0.80913156,0.92749906
2,242,0.0,0.037534744
2,243,0.16185011,0.4217044
2,244,0.35992622,0.55322015
2,245,0.45210284,0.6423821
2,246,0.5367842,0.712049
2,247,0.59907013,0.76723135
2,248,0.6613561,0.80931956
2,249,0.72479224,0.8410642
2,250,0.7948979,0.8651308
2,251,0.8650036,0.8834451
2,252,0.9351093,0.89734626
2,253,0.0,0.051909268
2,254,0.2397617,0.23750943
2,255,0.2760742,0.3191167
2,256,0.33837786,0.3876455
2,257,0.51581115,0.47450832
2,258,0.7276799,0.5732089
2,259,0.8548553,0.65515226
2,260,0.9094129,0.7233346
2,261,0.93944997,0.7822931
2,262,0.9683012,0.8260964
2,263,0.9927493,0.8556596
2,264,0.0,0.044852883
2,265,0.17561193,0.2547752
2,266,0.27219468,0.34942347
2,267,0.32856306,0.43805385
2,268,0.37210232,0.54276145
2,269,0.39753157,0.6281805
2,270,0.472963,0.70175636
2,271,0.53777486,0.7668269
2,272,0.58830196,0.815614
2,273,0.64030486,0.8484769
2,274,0.6923077,0.8696555
2,275,0.0,0.042857707
2,276,0.020261735,0.18517107
2,277,0.08174283,0.23729685
2,278,0.17344487,0.28089628
2,279,0.29960433,0.33488536
2,280,0.45292643,0.41410288
2,281,0.56394494,0.5449615
2,282,0.73569447,0.6569302
2,283,0.84307295,0.7419837
2,284,0.91663235,0.80621755
2,285,0.9901918,0.84685415
2,286,0.0,0.05283311
2,287,0.15335494,0.25699222
2,288,0.18750976,0.34780124
2,289,0.28322095,0.42334622
2,290,0.33433113,0.5117548
2,291,0.40470034,0.5844931
2,292,0.4873829,0.6435429
2,293,0.5636348,0.68967307
2,294,0.7019075,0.73100555
2,295,0.8154598,0.7650595
2,296,1.0,0.7913805
2,297,0.0,0.03703749
2,298,0.15245351,0.39044955
2,299,0.26336926,0.5695886
2,300,0.33175993,0.6550747
2,301,0.4221803,0.7212839
2,302,0.5186323,0.77321404
2,303,0.64771944,0.8122623
2,304,0.73000187,0.84123576
2,305,0.7807209,0.86271775
2,306,0.8589945,0.87870115
2,307,0.94277096,0.8906648
2,308,0.0,0.013893604
2,309,0.18347089,0.2178939
2,310,0.3217296,0.29310268
2,311,0.405557,0.41066408
2,312,0.4781267,0.5216174
2,313,0.5659461,0.6880329
2,314,0.6231734,0.8224865
2,315,0.67251974,0.9008541
2,316,0.7143519,0.9348389
2,317,0.7394358,0.9492072
2,318,0.7374593,0.95641184
2,319,0.0,0.0006492734
2,320,0.19848384,0.1373572
2,321,0.36252138,0.20034367
2,322,0.4552987,0.3187972
2,323,0.5048975,0.4504957
2,324,0.5454658,0.6022302
2,325,0.58861387,0.7823453
2,326,0.6272153,0.88801646
2,327,0.64625406,0.9363552
2,328,0.64625406,0.9547384
2,329,0.64625406,0.96128917
2,330,0.0,0.046547562
2,331,0.2548561,0.26887926
2,332,0.33016294,0.36356726
2,333,0.3877355,0.45126086
2,334,0.4644087,0.5397099
2,335,0.538179,0.6061677
2,336,0.59647393,0.6557907
2,337,0.62646914,0.7017629
2,338,0.6497096,0.74066794
2,339,0.6621492,0.77130413
2,340,0.6692831,0.79427767
2,341,0.0,0.04479465
2,342,0.48637787,0.52120364
2,343,0.5423085,0.6136226
2,344,0.5824269,0.6749404
2,345,0.6295485,0.7212797
2,346,0.6707482,0.7552891
2,347,0.6883268,0.78092873
2,348,0.6989507,0.8007425
2,349,0.7030206,0.8164141
2,350,0.7061296,0.82902616
2,351,0.7088036,0.83928454
3,0,0.0,0.022439599
3,1,0.07778865,0.19631311
3,2,0.15959752,0.30081278
3,3,0.24254432,0.4420845
3,4,0.36217305,0.57251525
3,5,0.5185816,0.7155781
3,6,0.72313917,0.8206786
3,7,0.8675085,0.8848077
3,8,0.8881874,0.9228043
3,9,0.9297622,0.9455023
3,10,1.0,0.9591523
3,11,0.0,0.023537815
3,12,0.036845334,0.22888534
3,13,0.0543693,0.35781944
3,14,0.07538272,0.50282776
3,15,0.09568283,0.6436366
3,16,0.10596134,0.7694599
3,17,0.13081238,0.8514477
3,18,0.25555977,0.9010188
3,19,0.46978724,0.9312431
3,20,0.7918693,0.94981444
3,21,0.9494681,0.96126604
3,22,0.0,0.0048586726
3,23,0.11015113,0.48658782
3,24,0.31601527,0.5929254
3,25,0.5095328,0.66626346
3,26,0.6346761,0.71900976
3,27,0.70242786,0.7610581
3,28,0.73640805,0.79291666
3,29,0.75313836,0.81663513
3,30,0.76254505,0.83428365
3,31,0.76498514,0.8474829
3,32,0.76498514,0.85743535
3,33,0.0,0.005058259
3,34,0.14597711,0.47855517
3,35,0.3473908,0.58183455
3,36,0.59257877,0.6552846
3,37,0.7199491,0.70973206
3,38,0.7426311,0.75340974
3,39,0.76028156,0.78657293
3,40,0.7638039,0.811326
3,41,0.76498514,0.82982314
3,42,0.76498514,0.8437448
3,43,0.76498514,0.8543318
3,44,0.0,0.020991981
3,45,0.83466935,0.32968777
3,46,0.90732294,0.48322487
3,47,0.89697367,0.57461894
3,48,0.88642794,0.6674479
3,49,0.912638,0.7474922
3,50,0.93855995,0.8104799
3,51,0.9394631,0.8586082
3,52,0.94036627,0.8947388
3,53,0.9412835,0.92137283
3,54,0.9422009,0.9407005
3,55,0.0,0.020809203
3,56,0.013407532,0.086204946
3,57,0.035365153,0.1003899
3,58,0.07650498,0.13622883
3,59,0.11010561,0.21134779
3,60,0.2168887,0.31056222
3,61,0.3436533,0.43612152
3,62,0.5325172,0.6337878
3,63,0.81097144,0.7886995
3,64,0.91715115,0.86669624
3,65,0.99436945,0.90220636
3,66,0.08294931,0.02220735
3,67,0.5080771,0.11742169
3,68,0.6944988,0.15087885
3,69,0.81479156,0.20954211
3,70,0.8472254,0.31044644
3,71,0.8780193,0.43643352
3,72,0.8974261,0.62154806
3,73,0.916833,0.7877754
3,74,0.94133925,0.87787473
3,75,0.9706696,0.91830724
3,76,1.0,0.93739575
3,77,0.0,0.022693664
3,78,0.40188235,0.5348385
3,79,0.6701177,0.64268583
3,80,0.848,0.72529936
3,81,0.88752943,0.78997004
3,82,0.9270588,0.84210795
3,83,0.97694117,0.88041437
3,84,0.99576473,0.907121
3,85,1.0026667,0.9251352
3,86,1.0048628,0.93708587
3,87,1.0070589,0.9449894
3,88,0.0,0.02755624
3,89,0.26986983,0.24385038
3,90,0.43040252,0.34139916
3,91,0.59093523,0.42565733
3,92,0.7514679,0.53584164
3,93,0.90834445,0.65875
3,94,1.0500973,0.7590535
3,95,1.0579766,0.8312883
3,96,1.0658559,0.8807098
3,97,1.0737351,0.91375035
3,98,1.0816144,0.93555313
3,99,0.0,0.021968663
3,100,0.09070097,0.1456649
3,101,0.16706148,0.25009018
3,102,0.23917647,0.34750706
3,103,0.35335705,0.43069926
3,104,0.4903051,0.52087873
3,105,0.5483633,0.59230864
3,106,0.60188824,0.6438067
3,107,0.651254,0.6805557
3,108,0.6774084,0.7069528
3,109,0.6914153,0.7261191
3,110,0.0,0.019799978
3,111,0.2831065,0.41951573
3,112,0.4297248,0.5034315
3,113,0.5409762,0.5690407
3,114,0.6203652,0.6325184
3,115,0.6997542,0.6912136
3,116,0.74810064,0.7403377
3,117,0.796136,0.77964056
3,118,0.8425384,0.8104645
3,119,0.8871824,0.83436126
3,120,0.93182635,0.8527568
3,121,0.0,0.023115605
3,122,0.57059896,0.31715283
3,123,0.72499365,0.4490226
3,124,0.76732457,0.53919923
3,125,0.79625636,0.64104176
3,126,0.81947374,0.7318119
3,127,0.84343195,0.8027661
3,128,0.86360234,0.8559432
3,129,0.87675434,0.8949487
3,130,0.88990635,0.92307746
3,131,0.9030583,0.9431544
3,132,0.0,0.029303044
3,133,0.29301545,0.2215618
3,134,0.39551878,0.32062575
3,135,0.58608365,0.45478863
3,136,0.71237844,0.55617034
3,137,0.7640153,0.67916054
3,138,0.7957147,0.7850759
3,139,0.8341067,0.85854685
3,140,0.8568139,0.90545315
3,141,0.8725467,0.9348661
3,142,0.8875536,0.95318866
3,143,0.0,0.030909061
3,144,0.4675324,0.49655706
3,145,0.7267657,0.6072432
3,146,0.74957985,0.70936346
3,147,0.7899835,0.7955126
3,148,0.8362129,0.8618957
3,149,0.85499936,0.908117
3,150,0.87260574,0.9380676
3,151,0.88730705,0.95614105
3,152,0.89614433,0.9663678
3,153,0.90600884,0.9718844
3,154,0.0,0.022750586
3,155,0.08389198,0.13592044
3,156,0.2640222,0.17161301
3,157,0.4539587,0.22194935
3,158,0.6463749,0.3100636
3,159,0.83879113,0.41666523
3,160,0.8644804,0.5254485
3,161,0.8901697,0.65236145
3,162,0.9158589,0.75167376
3,163,0.94154817,0.8169639
3,164,0.9672374,0.85735816
3,165,0.0,0.029926032
3,166,0.29508972,0.3135422
3,167,0.3931463,0.47767305
3,168,0.47350898,0.55686826
3,169,0.5426725,0.64946264
3,170,0.6057425,0.737307
3,171,0.64181316,0.8080493
3,172,0.6573097,0.86094457
3,173,0.66375536,0.89906025
3,174,0.67777264,0.92569554
3,175,0.6941432,0.9437807
3,176,0.0,0.025803715
3,177,0.38421103,0.49118364
3,178,0.52462405,0.58853775
3,179,0.5962425,0.67009926
3,180,0.7002686,0.7381345
3,181,0.80296475,0.795155
3,182,0.8714187,0.84001887
3,183,0.91045046,0.87402725
3,184,0.93706125,0.8990975
3,185,0.96750444,0.91722953
3,186,0.9859719,0.93022937
3,187,0.0,0.024877042
3,188,0.41214198,0.4883777
3,189,0.48186886,0.5836929
3,190,0.56165874,0.6640457
3,191,0.5895922,0.73264337
3,192,0.614078,0.7907888
3,193,0.6932646,0.8366018
3,194,0.7613426,0.8712826
3,195,0.83251375,0.8967997
3,196,0.8936162,0.91522056
3,197,0.95554024,0.9284064
3,198,0.0,0.020373076
3,199,0.51831824,0.48184144
3,200,0.55236155,0.5670301
3,201,0.6220524,0.6367816
3,202,0.6944194,0.69947064
3,203,0.7528555,0.75531
3,204,0.8110604,0.8007662
3,205,0.8594951,0.83632755
3,206,0.9085681,0.86351776
3,207,0.93824106,0.88398826
3,208,0.9823258,0.8992674
3,209,0.0,0.027701825
3,210,0.2347153,0.43718633
3,211,0.320963,0.5213679
3,212,0.38362542,0.5718006
3,213,0.4545343,0.612702
3,214,0.5520007,0.6491846
3,215,0.60147524,0.6807152
3,216,0.6382637,0.70717394
3,217,0.64875907,0.72902226
3,218,0.65925443,0.7468722
3,219,0.70883024,0.761335
3,220,0.0,0.049529344
3,221,0.6288833,0.6523232
3,222,0.77479273,0.7528722
3,223,0.83514524,0.7980162
3,224,0.84929043,0.8199159
3,225,0.84761906,0.8393738
3,226,0.8496094,0.8550814
3,227,0.8539649,0.86697483
3,228,0.8558707,0.8757102
3,229,0.85714287,0.8820473
3,230,0.85714287,0.8866288
3,231,0.0,0.028439254
3,232,0.38561305,0.3822493
3,233,0.5736008,0.5196557
3,234,0.6360812,0.59063935
3,235,0.6869485,0.65417844
3,236,0.7359326,0.70582914
3,237,0.7483435,0.74562144
3,238,0.76075447,0.77593386
3,239,0.77151597,0.79895127
3,240,0.78102106,0.81618816
3,241,0.79052615,0.8287388
3,242,0.0,0.031092465
3,243,0.36729887,0.23036769
3,244,0.40320328,0.34220004
3,245,0.4210223,0.46471688
3,246,0.48088047,0.5402639
3,247,0.53753227,0.6253308
3,248,0.6332988,0.7028626
3,249,0.7284343,0.7659296
3,250,0.8171918,0.8149189
3,251,0.9131418,0.8523265
3,252,1.0029072,0.88063824
3,253,0.0,0.009156227
3,254,0.6765541,0.47830793
3,255,0.81374675,0.57580924
3,256,0.8648738,0.6487175
3,257,0.90222436,0.7096976
3,258,0.9157026,0.76175773
3,259,0.93108916,0.802768
3,260,0.96019095,0.83428174
3,261,0.9840704,0.8583234
3,262,0.9942661,0.8766068
3,263,1.0044618,0.89049673
3,264,0.0,0.022379696
3,265,0.08403483,0.17296551
3,266,0.12454378,0.22221263
3,267,0.1555358,0.28341955
3,268,0.24356736,0.37889624
3,269,0.70355153,0.47070956
3,270,0.92529947,0.5797657
3,271,0.9212723,0.68482006
3,272,0.9381103,0.7654681
3,273,0.9501004,0.8196498
3,274,0.9455955,0.8541116
3,275,0.0,0.021885723
3,276,0.0155776255,0.11516616
3,277,0.038079742,0.15263844
3,278,0.053920425,0.21095434
3,279,0.067685954,0.29796976
3,280,0.11662739,0.41334167
3,281,0.21880007,0.5418493
3,282,0.43107748,0.68612456
3,283,0.75777936,0.78818405
3,284,0.8219327,0.8470218
3,285,0.8443538,0.8794146
3,286,0.0,0.023731798
3,287,0.21010749,0.2681269
3,288,0.5099288,0.43417275
3,289,0.6528501,0.5377388
3,290,0.74814385,0.6554786
3,291,0.8231168,0.7638347
3,292,0.9012161,0.8429581
3,293,0.92889065,0.89555573
3,294,0.93739617,0.92897004
3,295,0.9367576,0.9494622
3,296,0.8931108,0.9617287
3,297,0.0,0.026416719
3,298,0.31216717,0.28002304
3,299,0.559931,0.4695709
3,300,0.6657712,0.57336605
3,301,0.7554292,0.68673104
3,302,0.83120275,0.78230584
3,303,0.8840284,0.84893465
3,304,0.9173922,0.8930756
3,305,0.9507952,0.9221902
3,306,0.9619976,0.9412605
3,307,0.972516,0.95360696
3,308,0.0,0.030911326
3,309,0.5077591,0.4713874
3,310,0.65982074,0.566054
3,311,0.72079706,0.6354681
3,312,0.763268,0.70713097
3,313,0.8080612,0.7751486
3,314,0.84649146,0.8324331
3,315,0.8794086,0.8773524
3,316,0.9241302,0.9108134
3,317,0.99992263,0.9347742
3,318,1.0324824,0.95148987
3,319,0.0,0.023846269
3,320,0.023142645,0.14968434
3,321,0.09333763,0.17880684
3,322,0.16353261,0.21553618
3,323,0.2635398,0.3001272
3,324,0.38469848,0.42448324
3,325,0.47615936,0.5305314
3,326,0.61298716,0.6582996
3,327,0.70577264,0.7649242
3,328,0.76479787,0.8364017
3,329,0.82382315,0.879994
3,330,0.0,0.029211164
3,331,0.20467891,0.22372714
3,332,0.28684834,0.31410027
3,333,0.3807372,0.42562398
3,334,0.45127672,0.5001432
3,335,0.53564745,0.5672324
3,336,0.6429588,0.6345661
3,337,0.7621402,0.69421923
3,338,0.8756804,0.7435657
3,339,0.92052794,0.7828525
3,340,0.9529703,0.8133603
3,341,0.0,0.032396585
3,342,0.51954925,0.51481897
3,343,0.55986196,0.6081497
3,344,0.57753,0.66854036
3,345,0.5927694,0.70709646
3,346,0.601138,0.7364047
3,347,0.61331487,0.75916874
3,348,0.6180646,0.77647865
3,349,0.62038296,0.7891873
3,350,0.62268686,0.7980341
3,351,0.6249837,0.803698
4,0,0.0,0.005019039
4,1,0.15854591,0.19924441
4,2,0.3468489,0.29675716
4,3,0.5728851,0.42500138
4,4,0.83164364,0.53418267
4,5,0.9927427,0.64776945
4,6,0.99430054,0.7555025
4,7,0.995086,0.83818924
4,8,0.9975692,0.89337337
4,9,1.0024767,0.9281359
4,10,1.004914,0.9493221
4,11,0.0,0.007146746
4,12,0.1326706,0.26583844
4,13,0.28510442,0.4281095
4,14,0.4761287,0.5498294
4,15,0.6564297,0.6540874
4,16,0.7963917,0.75504744
4,17,0.92139614,0.8370305
4,18,0.953899,0.89224446
4,19,0.97512555,0.9253589
4,20,0.9888782,0.94373286
4,21,1.0051546,0.95321345
4,22,0.0,0.020263553
4,23,0.16800947,0.38776836
4,24,0.20629112,0.51310766
4,25,0.22931689,0.59656346
4,26,0.2865669,0.67611253
4,27,0.3241612,0.747468
4,28,0.41275117,0.80812275
4,29,0.53073746,0.85754776
4,30,0.6764549,0.8959397
4,31,0.810771,0.92398775
4,32,0.9008043,0.9431963
4,33,0.0,0.010227412
4,34,0.09031117,0.18183869
4,35,0.13575307,0.2575789
4,36,0.2834029,0.37575838
4,37,0.5990076,0.49293903
4,38,0.7973006,0.610533
4,39,0.92442065,0.7295562
4,40,0.943316,0.8262578
4,41,0.9532816,0.88889956
4,42,0.9641568,0.9254005
4,43,0.9769454,0.9457083
4,44,0.0,0.0073287487
4,45,0.1691505,0.31784943
4,46,0.4380793,0.42808646
4,47,0.6269697,0.51852334
4,48,0.72483253,0.5967617
4,49,0.77566767,0.6642436
4,50,0.7936485,0.72020197
4,51,0.80296737,0.76493526
4,52,0.8076473,0.80035955
4,53,0.8077151,0.8282187
4,54,0.8077151,0.8498155
4,55,0.0,0.028173506
4,56,0.3412472,0.3462769
4,57,0.4612701,0.4952358
4,58,0.52501905,0.6191614
4,59,0.5571352,0.72172534
4,60,0.60814834,0.7975457
4,61,0.6454764,0.84871435
4,62,0.7315952,0.88404965
4,63,0.785958,0.9097675
4,64,0.8475869,0.92876005
4,65,0.88577586,0.9424422
4,66,0.0,0.01968649
4,67,0.17974894,0.21855605
4,68,0.2953635,0.2889262
4,69,0.44455376,0.38777924
4,70,0.6062656,0.47905985
4,71,0.86974734,0.5835015
4,72,0.97167015,0.69845897
4,73,0.9877491,0.79927576
4,74,1.0004709,0.86842895
4,75,1.0017661,0.91006756
4,76,1.0019623,0.9340496
4,77,0.0,0.028941095
4,78,0.2218385,0.22394949
4,79,0.3296521,0.32990584
4,80,0.42646664,0.42807686
4,81,0.59332275,0.5083927
4,82,0.83877707,0.57198876
4,83,1.0772959,0.62927914
4,84,1.0730724,0.6786368
4,85,1.0688488,0.72076786
4,86,1.0646254,0.75697047
4,87,1.0604019,0.7883332
4,88,0.0,0.027017713
4,89,0.15575758,0.2402536
4,90,0.24484849,0.41670528
4,91,0.3339394,0.5272902
4,92,0.45252526,0.6167048
4,93,0.57934904,0.6962476
4,94,0.6912009,0.76251984
4,95,0.8030527,0.8151705
4,96,0.91386706,0.8560325
4,97,0.991479,0.88730216
4,98,1.069091,0.9107461
4,99,0.0,0.02251172
4,100,0.17888357,0.24507433
4,101,0.2799362,0.37509868
4,102,0.38098884,0.47635394
4,103,0.46642426,0.55403167
4,104,0.5362424,0.6216233
4,105,0.6060606,0.6790724
4,106,0.7230303,0.72635424
4,107,0.84,0.76529145
4,108,0.9569697,0.79779005
4,109,1.0739394,0.8253294
4,110,0.0,0.027958632
4,111,0.25232852,0.21973962
4,112,0.37852833,0.3921312
4,113,0.50022435,0.51701415
4,114,0.60984087,0.6239847
4,115,0.71100247,0.7221116
4,116,0.81356287,0.8018704
4,117,0.9430862,0.8597789
4,118,1.0183053,0.89923763
4,119,1.045924,0.9251679
4,120,1.0735426,0.94144046
4,121,0.0,0.027582377
4,122,0.08225058,0.093429744
4,123,0.13661799,0.11920616
4,124,0.19888085,0.16125007
4,125,0.28902373,0.2853098
4,126,0.59829557,0.48123214
4,127,0.86602974,0.70282024
4,128,0.94641733,0.8652289
4,129,0.9759772,0.9429139
4,130,0.9836427,0.97169197
4,131,0.99071926,0.9807378
4,132,0.0,0.040439397
4,133,0.092785574,0.12357983
4,134,0.16308172,0.17133133
4,135,0.25015548,0.22543418
4,136,0.3299776,0.30291012
4,137,0.42052856,0.39732718
4,138,0.50987136,0.49927247
4,139,0.5857966,0.6062606
4,140,0.6941277,0.7146415
4,141,0.81176144,0.8017167
4,142,0.9318637,0.85934484
4,143,0.0,0.0063295066
4,144,0.3440167,0.22153851
4,145,0.5524312,0.3038312
4,146,0.6751689,0.4184624
4,147,0.7054346,0.5063925
4,148,0.72988445,0.58765864
4,149,0.75198597,0.64944404
4,150,0.7726818,0.69335306
4,151,0.79120517,0.7242671
4,152,0.80478835,0.74646795
4,153,0.8183716,0.7629142
4,154,0.0,0.0060352385
4,155,0.40797913,0.2359854
4,156,0.58318037,0.320291
4,157,0.6569556,0.42782944
4,158,0.6883973,0.50934565
4,159,0.71983904,0.58751893
4,160,0.7465002,0.648615
4,161,0.77064246,0.69329464
4,162,0.79886633,0.7255972
4,163,0.8357588,0.74935454
4,164,0.87265134,0.7673203
4,165,0.0,0.028213263
4,166,0.35730717,0.47595662
4,167,0.5241717,0.63329923
4,168,0.6052034,0.7387619
4,169,0.68189186,0.810464
4,170,0.7497885,0.8561215
4,171,0.7906019,0.8864448
4,172,0.82341,0.9072604
4,173,0.8523851,0.9214473
4,174,0.8776703,0.93086445
4,175,0.8995536,0.9370122
4,176,0.0,0.016293555
4,177,0.110315554,0.29685897
4,178,0.13464312,0.42021886
4,179,0.3121161,0.5063683
4,180,0.37442976,0.58160156
4,181,0.3950347,0.6568586
4,182,0.39889425,0.7280828
4,183,0.43692282,0.79145956
4,184,0.5060226,0.844728
4,185,0.58268416,0.8869904
4,186,0.66970664,0.9186441
4,187,0.0,0.016595274
4,188,0.51173484,0.44407016
4,189,0.56407344,0.519781
4,190,0.61641204,0.5965724
4,191,0.6402369,0.6653274
4,192,0.6492382,0.7238666
4,193,0.65823954,0.7763412
4,194,0.6711604,0.8234664
4,195,0.6924542,0.8632052
4,196,0.713748,0.89390326
4,197,0.73504174,0.915993
4,198,0.0,0.016639292
4,199,0.71608466,0.57693624
4,200,0.8762551,0.6911473
4,201,0.9117323,0.76074266
4,202,0.9396362,0.81155086
4,203,0.94453317,0.8490212
4,204,0.95069855,0.87757146
4,205,0.95600826,0.8997102
4,206,0.9554443,0.91606784
4,207,0.9579314,0.92701447
4,208,0.95846546,0.93357646
4,209,0.0,0.017196983
4,210,0.3140059,0.38209364
4,211,0.48439705,0.5609255
4,212,0.60087246,0.66144973
4,213,0.6823436,0.737519
4,214,0.7638965,0.793954
4,215,0.84351045,0.83583486
4,216,0.90413046,0.867898
4,217,0.9530514,0.8936659
4,218,0.98177326,0.91503346
4,219,0.9925234,0.9325154
4,220,0.0,0.01981005
4,221,0.56414294,0.3988743
4,222,0.63766533,0.4901514
4,223,0.6912672,0.5681665
4,224,0.6923165,0.65229255
4,225,0.69336575,0.7290174
4,226,0.6949603,0.7924011
4,227,0.6968769,0.8414043
4,228,0.6987935,0.877658
4,229,0.70071006,0.9035258
4,230,0.70262665,0.92139864
4,231,0.0,0.021687537
4,232,0.45811346,0.21882854
4,233,0.51295686,0.29561767
4,234,0.57251483,0.38198885
4,235,0.672728,0.46151945
4,236,0.7317112,0.5429449
4,237,0.7486679,0.6269263
4,238,0.8050127,0.7038357
4,239,0.867675,0.7668774
4,240,0.9261251,0.81561255
4,241,0.9776423,0.8527411
4,242,0.0,0.017292082
4,243,0.7465226,0.58358806
4,244,0.77669185,0.72085214
4,245,0.79707444,0.80825937
4,246,0.817457,0.8643756
4,247,0.8295484,0.8980832
4,248,0.833424,0.9195086
4,249,0.8368457,0.93483615
4,250,0.83957183,0.9464611
4,251,0.84131736,0.9549321
4,252,0.84431136,0.9606644
4,253,0.0,0.008954674
4,254,0.2065595,0.23163284
4,255,0.30715165,0.36606514
4,256,0.38822746,0.48300704
4,257,0.45481467,0.58828604
4,258,0.5150525,0.6946211
4,259,0.56817067,0.7885172
4,260,0.6072544,0.8584497
4,261,0.61877966,0.90561676
4,262,0.62031054,0.9358499
4,263,0.62306976,0.9544096
4,264,0.0,0.016661286
4,265,0.3316462,0.2932037
4,266,0.4760801,0.3877356
4,267,0.56487536,0.47065318
4,268,0.61679536,0.55036366
4,269,0.6811135,0.6256816
4,270,0.69048214,0.6892695
4,271,0.6991463,0.7404299
4,272,0.71300924,0.78050846
4,273,0.7324082,0.81133246
4,274,0.7518072,0.83495384
4,275,0.0,0.023953736
4,276,0.2421948,0.40910634
4,277,0.27809188,0.5169412
4,278,0.35554174,0.58781165
4,279,0.47172982,0.65593207
4,280,0.6093199,0.71833277
4,281,0.72760755,0.77440655
4,282,0.8487379,0.8233335
4,283,0.88689196,0.86394334
4,284,0.89923966,0.89546406
4,285,0.8781609,0.9182677
4,286,0.0,0.027222097
4,287,0.27540007,0.37645948
4,288,0.3843785,0.5253726
4,289,0.45955637,0.59793216
4,290,0.5006116,0.6548133
4,291,0.5420378,0.69829094
4,292,0.5876303,0.7298652
4,293,0.63322276,0.75176895
4,294,0.65117,0.7663652
4,295,0.6361086,0.77579486
4,296,0.62104714,0.78176844
4,297,0.0,0.018105537
4,298,0.4352271,0.29570502
4,299,0.48033875,0.41466373
4,300,0.5512037,0.492921
4,301,0.6558527,0.5818856
4,302,0.77128094,0.68546075
4,303,0.8836356,0.7838044
4,304,0.99405473,0.8574072
4,305,1.0264521,0.90503955
4,306,1.0462285,0.93398166
4,307,1.066005,0.95084906
4,308,0.0,-0.0040578246
4,309,0.49095884,0.101852775
4,310,0.57641673,0.17224802
4,311,0.6250256,0.26281595
4,312,0.653343,0.34517455
4,313,0.6774167,0.44053417
4,314,0.70534056,0.5202142
4,315,0.723718,0.5933969
4,316,0.76668453,0.6413405
4,317,0.7996174,0.6723982
4,318,0.8534483,0.69308686
4,319,0.0,0.024462253
4,320,0.053090658,0.35637164
4,321,0.22399268,0.47933567
4,322,0.41120878,0.58574986
4,323,0.49469662,0.6772222
4,324,0.5125343,0.7506634
4,325,0.52224255,0.80941343
4,326,0.5427132,0.8567436
4,327,0.58287543,0.893968
4,328,0.60051197,0.9222956
4,329,0.61263734,0.9432477
4,330,0.0,0.0065980256
4,331,0.012754075,0.07349756
4,332,0.024265444,0.10077956
4,333,0.028159268,0.14909399
4,334,0.07538935,0.25560004
4,335,0.2035986,0.40340367
4,336,0.41004255,0.59779185
4,337,0.66475326,0.75906783
4,338,0.85282135,0.85527587
4,339,0.84730643,0.89890444
4,340,0.8678258,0.91784406
4,341,0.0,0.018001527
4,342,0.12502228,0.110111356
4,343,0.14359125,0.10180709
4,344,0.18064804,0.12522113
4,345,0.32142168,0.20460404
4,346,0.50768244,0.39275545
4,347,0.80478376,0.66185945
4,348,1.0032245,0.8582922
4,349,1.0028381,0.93866813
4,350,1.0024518,0.96691835
4,351,1.0020655,0.9772719
5,0,0.0,0.020459563
5,1,0.2996934,0.19586582
5,2,0.40963838,0.26155582
5,3,0.49868795,0.36288333
5,4,0.6055071,0.45341963
5,5,0.6960836,0.52912736
5,6,0.71945333,0.61275494
5,7,0.74282306,0.6931267
5,8,0.7661687,0.7622674
5,9,0.78591454,0.81748366
5,10,0.80566037,0.8597158
5,11,0.0,0.02510047
5,12,0.25998032,0.4022866
5,13,0.30371413,0.5238347
5,14,0.4473451,0.60323614
5,15,0.5921407,0.6663239
5,16,0.763122,0.7189832
5,17,0.90415555,0.76198924
5,18,0.98816144,0.7958126
5,19,0.9970932,0.82174665
5,20,0.99834615,0.8415543
5,21,0.9981624,0.8568865
5,22,0.0,0.020822078
5,23,0.14172076,0.24458133
5,24,0.2124366,0.36859718
5,25,0.2941297,0.48070785
5,26,0.38505045,0.5818294
5,27,0.602903,0.68920773
5,28,0.82325864,0.78028923
5,29,0.92536634,0.84673667
5,30,1.0051187,0.89122736
5,31,0.9996153,0.919601
5,32,1.004124,0.93711853
5,33,0.0,0.023089945
5,34,0.11918305,0.21185419
5,35,0.15316941,0.302026
5,36,0.22840063,0.40095046
5,37,0.31563276,0.46182173
5,38,0.4717603,0.5272824
5,39,0.6146703,0.5896805
5,40,0.7008046,0.64305747
5,41,0.766411,0.6858875
5,42,0.8471464,0.71899414
5,43,0.9032258,0.74402785
5,44,0.0,0.0057800114
5,45,0.112028964,0.31191805
5,46,0.13111836,0.37526783
5,47,0.31235626,0.4409616
5,48,0.42434898,0.51274383
5,49,0.45708263,0.5801634
5,50,0.4593595,0.63699657
5,51,0.5128608,0.6835792
5,52,0.60700125,0.72093487
5,53,0.71481454,0.75043744
5,54,0.841648,0.77351844
5,55,0.0,0.016025543
5,56,0.29102278,0.45932865
5,57,0.58590794,0.54867744
5,58,0.67691696,0.6146563
5,59,0.72974306,0.65353906
5,60,0.82145613,0.6823717
5,61,0.85374975,0.7038347
5,62,0.88564444,0.71860856
5,63,0.88297707,0.72796017
5,64,0.92090964,0.7335154
5,65,0.92388546,0.7367524
5,66,0.0,0.0203965
5,67,0.70669836,0.33558196
5,68,0.7433903,0.48063886
5,69,0.76528835,0.56022406
5,70,0.7694131,0.6283302
5,71,0.7755732,0.68650395
5,72,0.77883154,0.73296255
5,73,0.7814388,0.768249
5,74,0.78034383,0.7940887
5,75,0.78047955,0.8125652
5,76,0.78671694,0.82558095
5,77,0.0,0.017376482
5,78,0.074927494,0.07735172
5,79,0.14811197,0.09182358
5,80,0.20596683,0.15307215
5,81,0.2594313,0.23986341
5,82,0.33289832,0.37163174
5,83,0.45930797,0.5605809
5,84,0.5903777,0.75270075
5,85,0.7998707,0.8694972
5,86,0.90263003,0.92456615
5,87,0.9874872,0.949943
5,88,0.0,0.0023652315
5,89,0.05833657,0.18624523
5,90,0.15848495,0.25962743
5,91,0.28794235,0.356865
5,92,0.42085788,0.4726867
5,93,0.5417878,0.64803237
5,94,0.64768475,0.7801727
5,95,0.7338663,0.86057293
5,96,0.81411624,0.9069654
5,97,0.88567525,0.93407184
5,98,0.94721407,0.95030844
5,99,0.0,0.02015394
5,100,0.0115020815,0.16298148
5,101,0.054013927,0.22416602
5,102,0.09894577,0.32445392
5,103,0.23437242,0.4422917
5,104,0.36979908,0.54194045
5,105,0.5052257,0.64080524
5,106,0.64065236,0.721274
5,107,0.7280556,0.77968824
5,108,0.81510067,0.8202071
5,109,0.9021457,0.84814155
5,110,0.0,0.020768791
5,111,0.4374069,0.34312886
5,112,0.4793182,0.4902311
5,113,0.54103255,0.59113216
5,114,0.6100182,0.69112194
5,115,0.67621696,0.7770794
5,116,0.73448354,0.84086114
5,117,0.7778625,0.8840462
5,118,0.8096867,0.9116781
5,119,0.8521361,0.9287177
5,120,0.95528454,0.9390111
5,121,0.0,0.021329999
5,122,0.42381895,0.35377517
5,123,0.4634582,0.49513358
5,124,0.51341486,0.5938777
5,125,0.56808865,0.68986905
5,126,0.63469917,0.77279556
5,127,0.698953,0.83563066
5,128,0.7527909,0.87934774
5,129,0.7825244,0.9081381
5,130,0.8367174,0.9263804
5,131,0.9390244,0.9376345
5,132,0.0,0.019904494
5,133,0.49378335,0.4259517
5,134,0.5451992,0.53529775
5,135,0.5990214,0.6361597
5,136,0.66243,0.7204547
5,137,0.7011057,0.7902614
5,138,0.76245755,0.8432611
5,139,0.79949766,0.88106096
5,140,0.82471776,0.90703136
5,141,0.86432034,0.9244787
5,142,0.9263804,0.93605906
5,143,0.0,0.017264962
5,144,0.5072033,0.54935694
5,145,0.70196176,0.6458377
5,146,0.81974167,0.69915783
5,147,0.8765162,0.729534
5,148,0.9062209,0.7578578
5,149,0.91801935,0.78070784
5,150,0.92137325,0.79760516
5,151,0.92399496,0.80963874
5,152,0.9266842,0.8180205
5,153,0.9293734,0.8237187
5,154,0.0,0.0096358955
5,155,0.83420086,0.5166252
5,156,0.93894434,0.6139611
5,157,0.9610599,0.68162
5,158,0.98921895,0.7297571
5,159,0.9975043,0.77129537
5,160,1.0086445,0.8037801
5,161,1.0235314,0.82812643
5,162,1.0314814,0.8461113
5,163,1.0394738,0.85937214
5,164,1.0350085,0.8691862
5,165,0.0,-0.0009920001
5,166,0.33831957,0.3407185
5,167,0.4276944,0.40808257
5,168,0.55462134,0.48213065
5,169,0.6351503,0.5572076
5,170,0.6685962,0.6215671
5,171,0.6871596,0.6746768
5,172,0.7053975,0.71727145
5,173,0.71860373,0.7507878
5,174,0.72702676,0.7768768
5,175,0.73544973,0.79708695
5,176,0.0,0.016964614
5,177,0.41902408,0.18156725
5,178,0.45161834,0.24050036
5,179,0.52138317,0.33507067
5,180,0.6418072,0.44839177
5,181,0.7810775,0.55504715
5,182,0.8909269,0.67224586
5,183,0.9807881,0.77313685
5,184,1.0071537,0.84580755
5,185,1.019919,0.89305747
5,186,1.0326843,0.9221923
5,187,0.0,0.019853532
5,188,0.2791608,0.2519668
5,189,0.31045878,0.37936482
5,190,0.38145277,0.48935992
5,191,0.50904673,0.5782522
5,192,0.6577905,0.6767833
5,193,0.8068701,0.7655154
5,194,0.95618755,0.83406365
5,195,0.9890976,0.8821603
5,196,1.0094626,0.9138509
5,197,1.0298277,0.9335929
5,198,0.0,0.019534528
5,199,0.3268985,0.20167053
5,200,0.42722207,0.27081192
5,201,0.45995963,0.37882382
5,202,0.5996478,0.46947715
5,203,0.6592108,0.54595673
5,204,0.69853157,0.62912756
5,205,0.7731283,0.70654595
5,206,0.83900946,0.7710455
5,207,0.84048074,0.82121086
5,208,0.8461103,0.8589226
5,209,0.0,0.012915701
5,210,0.039862856,0.09514707
5,211,0.06720724,0.108685166
5,212,0.101413295,0.17133187
5,213,0.17120619,0.26416558
5,214,0.29831627,0.4110078
5,215,0.58570087,0.57019216
5,216,0.80575705,0.7187645
5,217,0.88224626,0.8150542
5,218,0.9004006,0.8689681
5,219,0.924889,0.8993589
5,220,0.0,0.01354295
5,221,0.044061538,0.09719345
5,222,0.088141605,0.11180335
5,223,0.11884315,0.17601472
5,224,0.23292826,0.26781583
5,225,0.45450005,0.41158772
5,226,0.6651619,0.5693162
5,227,0.87081367,0.71619576
5,228,0.8909208,0.81068695
5,229,0.9099629,0.86344874
5,230,0.90800357,0.8931581
5,231,0.0,0.0202654
5,232,0.21818113,0.23395786
5,233,0.23260729,0.33676353
5,234,0.21824908,0.44019645
5,235,0.22005539,0.522273
5,236,0.22482404,0.61357665
5,237,0.24228525,0.6984678
5,238,0.33234903,0.7680082
5,239,0.56762314,0.8211098
5,240,0.79762024,0.86042327
5,241,0.993363,0.8893279
5,242,0.0,0.016482115
5,243,0.27762997,0.19160694
5,244,0.5076771,0.274648
5,245,0.6573099,0.41499072
5,246,0.72325826,0.52236027
5,247,0.8019149,0.63503903
5,248,0.8562138,0.7423272
5,249,0.8952497,0.8251076
5,250,0.93438816,0.880992
5,251,0.9640808,0.9159383
5,252,0.9936531,0.9365194
5,253,0.0,0.01728928
5,254,0.42519188,0.336325
5,255,0.5209909,0.47508982
5,256,0.5812672,0.56568676
5,257,0.59107506,0.6528562
5,258,0.600883,0.731403
5,259,0.6620206,0.7950791
5,260,0.737732,0.8435415
5,261,0.81344336,0.87915677
5,262,0.88699746,0.9047259
5,263,0.9407655,0.9226509
5,264,0.0,0.018727034
5,265,0.7069553,0.50356066
5,266,0.7975793,0.59029436
5,267,0.8499422,0.64952356
5,268,0.8856867,0.68949854
5,269,0.9004471,0.7240643
5,270,0.9115502,0.75121427
5,271,0.9112595,0.7715874
5,272,0.9109687,0.78664005
5,273,0.91088915,0.7977247
5,274,0.9103872,0.80589706
5,275,0.0,0.009467214
5,276,0.37186968,0.51601636
5,277,0.46854937,0.6259006
5,278,0.5494408,0.7154414
5,279,0.590028,0.78481615
5,280,0.67464244,0.8388518
5,281,0.73889804,0.8771038
5,282,0.79396373,0.90355974
5,283,0.85729104,0.9219117
5,284,0.93627316,0.93479943
5,285,1.0046248,0.94398695
5,286,0.0,0.016149998
5,287,0.026176346,0.13844568
5,288,0.076144144,0.16326892
5,289,0.1881352,0.22979173
5,290,0.30720323,0.3029027
5,291,0.43474716,0.41192552
5,292,0.5572246,0.53208554
5,293,0.70958483,0.66290385
5,294,0.7963881,0.76683617
5,295,0.85309964,0.83568025
5,296,0.90981114,0.8782645
5,297,0.0,0.019277215
5,298,0.14978234,0.1799521
5,299,0.23365334,0.22920635
5,300,0.33527884,0.3196243
5,301,0.43388402,0.42062035
5,302,0.51334107,0.5025243
5,303,0.6052872,0.5898061
5,304,0.6831731,0.6764428
5,305,0.75026846,0.75124466
5,306,0.79557234,0.80989397
5,307,0.835741,0.85347205
5,308,0.0,0.01590234
5,309,0.32998943,0.46730977
5,310,0.41961184,0.5716727
5,311,0.49103615,0.6733273
5,312,0.5664996,0.7547785
5,313,0.6232566,0.81904215
5,314,0.6885196,0.8649566
5,315,0.75535333,0.8965001
5,316,0.8180116,0.91806644
5,317,0.9298996,0.93296075
5,318,0.97339135,0.94341
5,319,0.0,0.027923644
5,320,0.4695485,0.1933638
5,321,0.552636,0.28708857
5,322,0.57756215,0.38476676
5,323,0.5872415,0.45521778
5,324,0.5968865,0.5423571
5,325,0.6092291,0.62222666
5,326,0.6232089,0.6866603
5,327,0.6351867,0.7352007
5,328,0.6418019,0.77038753
5,329,0.6484171,0.7953483
5,330,0.0,0.014279425
5,331,0.045156498,0.1318842
5,332,0.07195039,0.15518457
5,333,0.11526726,0.21852387
5,334,0.19501817,0.2951626
5,335,0.33891124,0.41282687
5,336,0.535199,0.5271115
5,337,0.725209,0.6493332
5,338,0.7995469,0.7544949
5,339,0.8140055,0.8306879
5,340,0.842866,0.8811964
5,341,0.0,0.003032446
5,342,0.5220829,0.27141866
5,343,0.65953326,0.4173796
5,344,0.68421364,0.5487415
5,345,0.75323987,0.67524993
5,346,0.85509545,0.7739597
5,347,0.9009153,0.8409873
5,348,0.9377166,0.88441706
5,349,0.9585075,0.9124753
5,350,0.97929835,0.9308507
5,351,1.0000892,0.9431015
6,0,0.0,0.021021694
6,1,0.2193589,0.23872203
6,2,0.4267943,0.34039408
6,3,0.5547551,0.42444533
6,4,0.6837579,0.50269264
6,5,0.83640015,0.5864416
6,6,0.8843931,0.6680453
6,7,0.9311159,0.7375518
6,8,0.94287544,0.79065156
6,9,0.9546736,0.82893497
6,10,0.9731136,0.85604495
6,11,0.0,0.025880933
6,12,0.66272706,0.28710398
6,13,0.7374385,0.39871848
6,14,0.82281035,0.48950946
6,15,0.88774055,0.57588375
6,16,0.9186271,0.66063625
6,17,0.94195503,0.7353916
6,18,0.96204466,0.7938649
6,19,0.9779618,0.83620614
6,20,0.9926876,0.86598974
6,21,1.0,0.8869502
6,22,0.0,0.03644371
6,23,0.03459691,0.09883343
6,24,0.23575488,0.1476917
6,25,0.4851826,0.20169732
6,26,0.67595035,0.29643172
6,27,0.81583995,0.43892863
6,28,0.89767945,0.58838445
6,29,0.9269461,0.7163954
6,30,0.93193656,0.809612
6,31,0.9343125,0.86882377
6,32,0.93668854,0.9051488
6,33,0.0,0.015003949
6,34,0.79843843,0.32554367
6,35,0.89304537,0.42863828
6,36,0.8838005,0.53386056
6,37,0.8762242,0.6302681
6,38,0.8963692,0.71531683
6,39,0.9168279,0.78103787
6,40,0.916585,0.82775986
6,41,0.9163422,0.8599004
6,42,0.91368216,0.8820215
6,43,0.9110106,0.8974779
6,44,0.0,0.006629914
6,45,0.5096698,0.45297983
6,46,0.54769754,0.5210689
6,47,0.6113764,0.5781877
6,48,0.67612594,0.6116028
6,49,0.7167278,0.6359084
6,50,0.81541824,0.6532794
6,51,0.86602134,0.66624737
6,52,0.90117687,0.67606175
6,53,0.93759674,0.6836022
6,54,0.97401667,0.68945765
6,55,0.0,0.011848241
6,56,0.15075064,0.21650948
6,57,0.21792936,0.28241035
6,58,0.33416593,0.36196986
6,59,0.5573522,0.46517396
6,60,0.775964,0.5657317
6,61,0.8705948,0.645833
6,62,0.96459496,0.7047484
6,63,0.9828278,0.74596155
6,64,0.99088454,0.7742242
6,65,0.99203086,0.7936459
6,66,0.0,0.02912414
6,67,0.29876447,0.28865886
6,68,0.46299306,0.42215383
6,69,0.5568145,0.51844376
6,70,0.6430029,0.6169208
6,71,0.71118647,0.7161517
6,72,0.77920115,0.80112636
6,73,0.8288775,0.8630261
6,74,0.8382457,0.9044462
6,75,0.8596016,0.93161464
6,76,0.8872342,0.9496581
6,77,0.0,0.030139342
6,78,0.12273782,0.10231106
6,79,0.17376825,0.14728087
6,80,0.26824075,0.20013148
6,81,0.40710333,0.30387223
6,82,0.69195074,0.4615737
6,83,0.93257815,0.6224719
6,84,0.9685956,0.75401735
6,85,0.9814028,0.84217405
6,86,0.98840797,0.8950067
6,87,0.99071926,0.9263172
6,88,0.0,0.02590929
6,89,0.17367819,0.3776229
6,90,0.19974434,0.47911555
6,91,0.29944733,0.57374203
6,92,0.43689,0.64345104
6,93,0.53786,0.7008358
6,94,0.64685625,0.7489249
6,95,0.7958907,0.78750616
6,96,0.8795495,0.8166694
6,97,0.908096,0.8379985
6,98,0.9330025,0.853437
6,99,0.0,0.0315063
6,100,0.16946596,0.41182765
6,101,0.22735718,0.5359617
6,102,0.27916238,0.64353335
6,103,0.37395337,0.7276124
6,104,0.60430324,0.80113345
6,105,0.8650725,0.8604488
6,106,0.93997586,0.9030642
6,107,0.98392826,0.9319859
6,108,1.005337,0.9514505
6,109,0.9931938,0.96472466
6,110,0.0,0.036270455
6,111,0.04378404,0.13686351
6,112,0.09030969,0.20410378
6,113,0.23798534,0.28355715
6,114,0.41916084,0.39562196
6,115,0.6124396,0.522052
6,116,0.77049834,0.6505882
6,117,0.90520877,0.75833434
6,118,0.9609231,0.832964
6,119,0.9880919,0.880343
6,120,1.0,0.9101102
6,121,0.0,0.034773886
6,122,0.014859222,0.10278113
6,123,0.040191114,0.15110303
6,124,0.08359492,0.20251149
6,125,0.1531897,0.28758013
6,126,0.26144975,0.42244044
6,127,0.37007582,0.56609994
6,128,0.5353627,0.6940677
6,129,0.69937515,0.791254
6,130,0.86114216,0.85474443
6,131,0.96947354,0.8942149
6,132,0.0,0.030168727
6,133,0.7482535,0.4357832
6,134,0.81759447,0.5271388
6,135,0.825552,0.60491157
6,136,0.8267648,0.6551353
6,137,0.8280433,0.6896608
6,138,0.83341116,0.71266884
6,139,0.8364199,0.72933626
6,140,0.8386444,0.743675
6,141,0.8441014,0.75713897
6,142,0.84909797,0.7692892
6,143,0.0,0.028338045
6,144,0.19946915,0.17161334
6,145,0.5445475,0.25775623
6,146,0.6608915,0.3386891
6,147,0.74882585,0.40828508
6,148,0.8090285,0.4801585
6,149,0.8447044,0.5620792
6,150,0.86335677,0.64297587
6,151,0.8779756,0.7115836
6,152,0.8875835,0.76394403
6,153,0.89099956,0.8018664
6,154,0.0,0.02960527
6,155,0.08631133,0.27520818
6,156,0.35787702,0.3673665
6,157,0.39041182,0.44142625
6,158,0.44193304,0.5022472
6,159,0.50199145,0.55972487
6,160,0.55837315,0.61552703
6,161,0.6269172,0.66855764
6,162,0.664893,0.7151961
6,163,0.70097953,0.753159
6,164,0.7559174,0.78249043
6,165,0.0,0.029265732
6,166,0.17816095,0.23969355
6,167,0.29622185,0.33705747
6,168,0.49046934,0.41276598
6,169,0.6135898,0.4735703
6,170,0.68888867,0.53586954
6,171,0.74509066,0.5995585
6,172,0.77212733,0.66061753
6,173,0.79399467,0.71362
6,174,0.80291903,0.7559705
6,175,0.81595093,0.78814566
6,176,0.0,0.013365984
6,177,0.5602695,0.3759894
6,178,0.5819779,0.47631973
6,179,0.6419203,0.57256156
6,180,0.7277328,0.6422022
6,181,0.76939094,0.6994218
6,182,0.8128934,0.746742
6,183,0.8620574,0.78460747
6,184,0.903169,0.8133076
6,185,0.9156806,0.8343511
6,186,0.94274026,0.8495753
6,187,0.0,0.018685997
6,188,0.51762533,0.37294605
6,189,0.6327241,0.47568756
6,190,0.7506683,0.5734451
6,191,0.8685226,0.6469663
6,192,0.92047155,0.7087206
6,193,0.94405067,0.75975955
6,194,0.9697985,0.79971975
6,195,0.9812492,0.8293652
6,196,0.99236614,0.8507973
6,197,0.993988,0.8662024
6,198,0.0,0.017227173
6,199,0.25656873,0.35381776
6,200,0.39912653,0.44959146
6,201,0.47705892,0.5410392
6,202,0.5150543,0.61067504
6,203,0.5633399,0.67102695
6,204,0.61178136,0.7234112
6,205,0.6602229,0.76680106
6,206,0.67095,0.800481
6,207,0.6672191,0.8255599
6,208,0.6517658,0.8438916
6,209,0.0,0.011655092
6,210,0.45811862,0.33283463
6,211,0.6424715,0.4249721
6,212,0.8706593,0.52157605
6,213,0.93594944,0.6006169
6,214,0.95752066,0.67061305
6,215,0.9750845,0.7274907
6,216,0.9834919,0.7706237
6,217,0.99332184,0.8018042
6,218,0.9917371,0.82391834
6,219,1.0017745,0.8395707
6,220,0.0,0.030324861
6,221,0.4222023,0.3645454
6,222,0.6830784,0.48008776
6,223,0.7918921,0.5779056
6,224,0.8186631,0.6572691
6,225,0.8461061,0.72677195
6,226,0.85448724,0.7891355
6,227,0.8447278,0.8401972
6,228,0.84963375,0.8780974
6,229,0.85018325,0.9049662
6,230,0.8507327,0.9238617
6,231,0.0,0.028362185
6,232,0.44619,0.2933615
6,233,0.57088524,0.39633673
6,234,0.6176026,0.47767764
6,235,0.661263,0.5490233
6,236,0.6698514,0.6171
6,237,0.6784399,0.6808455
6,238,0.68702835,0.7363633
6,239,0.69561684,0.78074294
6,240,0.7042053,0.8142396
6,241,0.7127937,0.83888215
6,242,0.0,0.02050227
6,243,0.60836756,0.34344816
6,244,0.8130782,0.43731123
6,245,0.8588116,0.5187099
6,246,0.88941014,0.5791557
6,247,0.91969055,0.6294661
6,248,0.93350416,0.6744728
6,249,0.9473178,0.7146225
6,250,0.95594984,0.7481065
6,251,0.9597641,0.7744208
6,252,0.9635784,0.79440564
6,253,0.0,0.033244595
6,254,0.42556036,0.16539417
6,255,0.5089002,0.25798312
6,256,0.59224004,0.34483722
6,257,0.628649,0.41008127
6,258,0.65666044,0.4768657
6,259,0.6846703,0.5533884
6,260,0.69726366,0.63343334
6,261,0.70780367,0.70452136
6,262,0.7190008,0.76015705
6,263,0.730198,0.800827
6,264,0.0,0.00027534366
6,265,0.057263535,0.35561043
6,266,0.11634501,0.46316415
6,267,0.1794677,0.57364213
6,268,0.26663888,0.66834897
6,269,0.36338168,0.748558
6,270,0.44910058,0.8087966
6,271,0.5221529,0.8513978
6,272,0.5701117,0.8807701
6,273,0.6180705,0.90103596
6,274,0.6660293,0.91520846
6,275,0.0,0.035750464
6,276,0.032219026,0.10873605
6,277,0.062919885,0.16170192
6,278,0.09063952,0.21603204
6,279,0.18043688,0.2971993
6,280,0.5353745,0.41735387
6,281,0.7333159,0.5388759
6,282,0.8199678,0.655447
6,283,0.86098164,0.7499057
6,284,0.8565681,0.81548035
6,285,0.84345365,0.8582204
6,286,0.0,0.022446811
6,287,0.017512659,0.08489035
6,288,0.055155754,0.12195197
6,289,0.086278245,0.16230717
6,290,0.12594408,0.2222607
6,291,0.26248378,0.3433888
6,292,0.5296487,0.49195448
6,293,0.77373576,0.6241989
6,294,0.86048406,0.7303872
6,295,0.8502254,0.8020432
6,296,0.8544222,0.8471748
6,297,0.0,0.026242808
6,298,0.11856418,0.23507142
6,299,0.25423715,0.35207725
6,300,0.3501315,0.44341025
6,301,0.53018916,0.53112894
6,302,0.676236,0.6240476
6,303,0.7676941,0.7099325
6,304,0.94579685,0.77841383
6,305,0.9874248,0.82797974
6,306,0.9792357,0.86246073
6,307,0.97947556,0.8863718
6,308,0.0,0.023520246
6,309,0.2582774,0.29527724
6,310,0.43874818,0.4073727
6,311,0.5343402,0.499021
6,312,0.63060284,0.58644843
6,313,0.71893024,0.6712415
6,314,0.9004396,0.7452624
6,315,0.94071215,0.80275553
6,316,0.94988817,0.84425217
6,317,0.9491675,0.87341946
6,318,0.9282855,0.89395183
6,319,0.0,0.02748251
6,320,0.40571323,0.17126581
6,321,0.59052736,0.27614766
6,322,0.7063196,0.37670425
6,323,0.78871155,0.46307078
6,324,0.8351454,0.55412126
6,325,0.88370466,0.65095234
6,326,0.91637254,0.7362501
6,327,0.9487274,0.80076545
6,328,0.97342277,0.8457858
6,329,0.9978858,0.87648934
6,330,0.0,0.010802656
6,331,0.38702196,0.5032373
6,332,0.55540377,0.6190886
6,333,0.62193453,0.711572
6,334,0.6615939,0.7757879
6,335,0.73926634,0.8264503
6,336,0.82694477,0.8628628
6,337,0.8655934,0.8878719
6,338,0.9110747,0.9049327
6,339,0.99073076,0.916728
6,340,1.0092652,0.9250364
6,341,0.0,0.027216375
6,342,0.17012098,0.24365447
6,343,0.25033328,0.36222306
6,344,0.31820834,0.4392717
6,345,0.3919769,0.5016415
6,346,0.45168778,0.5617726
6,347,0.4823548,0.62147677
6,348,0.5148141,0.6792085
6,349,0.5529744,0.7300633
6,350,0.5832161,0.7709948
6,351,0.61176115,0.80215734
7,0,0.0,0.062425315
7,1,0.058708414,0.16127181
7,2,0.049492974,0.22156245
7,3,0.04549387,0.2938711
7,4,0.06784402,0.40016901
7,5,0.08766093,0.5239791
7,6,0.09932228,0.6466944
7,7,0.27446184,0.76035786
7,8,0.75995135,0.8283307
7,9,0.89480984,0.8667556
7,10,0.91780823,0.8915084
7,11,0.0,0.06339058
7,12,0.24429765,0.26004422
7,13,0.46798643,0.3760602
7,14,0.6876471,0.49470803
7,15,0.89088774,0.59677845
7,16,0.9917885,0.6936744
7,17,0.994294,0.7712221
7,18,0.9963531,0.82689923
7,19,1.0008539,0.8650802
7,20,1.0073907,0.89074504
7,21,1.009828,0.9079356
7,22,0.0,0.061209083
7,23,0.13384628,0.13575688
7,24,0.44098353,0.18200582
7,25,0.6803916,0.24792343
7,26,0.8304932,0.35036325
7,27,0.89853966,0.504012
7,28,0.9246544,0.6214911
7,29,0.9295582,0.74729455
7,30,0.93199164,0.81965506
7,31,0.936948,0.8603971
7,32,0.9366851,0.8878101
7,33,0.0,0.06524941
7,34,0.76168394,0.409294
7,35,0.89844865,0.52330303
7,36,0.93817216,0.58636534
7,37,0.9568455,0.6445906
7,38,0.9588577,0.6894895
7,39,0.96377766,0.7235064
7,40,0.9686976,0.74969953
7,41,0.9736036,0.7700139
7,42,0.97642446,0.7857163
7,43,0.9792453,0.79767585
7,44,0.0,0.06760377
7,45,0.40168867,0.39674076
7,46,0.5877279,0.50522166
7,47,0.6102021,0.5876274
7,48,0.6207559,0.6554742
7,49,0.6264214,0.7171738
7,50,0.6944765,0.76934326
7,51,0.7450688,0.8111315
7,52,0.7903957,0.84320545
7,53,0.8279739,0.8671454
7,54,0.86206895,0.8847722
7,55,0.034508247,0.06050992
7,56,0.3191039,0.17458624
7,57,0.36924928,0.22361827
7,58,0.40484512,0.27592945
7,59,0.49523154,0.35377994
7,60,0.614349,0.46374327
7,61,0.67728025,0.5363775
7,62,0.7397059,0.6208121
7,63,0.80123276,0.6944065
7,64,0.8618259,0.7493947
7,65,0.9219796,0.78828645
7,66,0.0,0.0669581
7,67,0.6726129,0.42293137
7,68,0.7639785,0.5167685
7,69,0.8440259,0.578531
7,70,0.90895367,0.64531755
7,71,0.97684175,0.70442575
7,72,1.0053624,0.7529731
7,73,1.0094104,0.7919028
7,74,1.0114452,0.8225889
7,75,1.010465,0.8463954
7,76,1.0080645,0.864626
7,77,0.0,0.060557187
7,78,0.23570853,0.16957614
7,79,0.3469252,0.2184368
7,80,0.38553622,0.2717931
7,81,0.45099673,0.3504243
7,82,0.5317758,0.46131152
7,83,0.59030443,0.5351447
7,84,0.65252376,0.6201724
7,85,0.7288967,0.6941712
7,86,0.7702399,0.74939334
7,87,0.79227054,0.7884699
7,88,0.0,0.06237626
7,89,0.16627729,0.16555583
7,90,0.30346003,0.23614535
7,91,0.38048872,0.32223865
7,92,0.4665981,0.45307738
7,93,0.60398877,0.5732453
7,94,0.7245048,0.70844734
7,95,0.80195105,0.8049119
7,96,0.87409496,0.85709095
7,97,0.9925017,0.888392
7,98,0.991948,0.9088903
7,99,0.0,0.061067402
7,100,0.1001717,0.16099095
7,101,0.19432333,0.20815915
7,102,0.30503997,0.2612794
7,103,0.38938552,0.33873647
7,104,0.47259435,0.4482872
7,105,0.56306046,0.5295479
7,106,0.6406223,0.61610067
7,107,0.7553378,0.6939189
7,108,0.8500009,0.7525238
7,109,0.93836856,0.7944892
7,110,0.0,0.06442994
7,111,0.39324313,0.35706002
7,112,0.54311067,0.45332235
7,113,0.58718395,0.5180316
7,114,0.63519275,0.562261
7,115,0.6859035,0.61066973
7,116,0.7267919,0.6526124
7,117,0.76142335,0.68775964
7,118,0.7933221,0.7167642
7,119,0.81941676,0.74048495
7,120,0.8455115,0.7597556
7,121,0.0,0.06608835
7,122,0.14917406,0.19826168
7,123,0.24120013,0.29363263
7,124,0.370718,0.3727929
7,125,0.45992902,0.4600587
7,126,0.5248558,0.5177838
7,127,0.57100594,0.5642894
7,128,0.6216938,0.61113477
7,129,0.6815746,0.6503775
7,130,0.7310662,0.6830575
7,131,0.7758887,0.710323
7,132,0.0,0.064521015
7,133,0.09213957,0.20663139
7,134,0.17698517,0.3015809
7,135,0.24169233,0.37737787
7,136,0.35248154,0.46051174
7,137,0.4875349,0.5178545
7,138,0.5880309,0.5596345
7,139,0.66722345,0.6058488
7,140,0.70482457,0.644943
7,141,0.7247643,0.67769575
7,142,0.73534536,0.7051319
7,143,0.0,0.06273526
7,144,0.21023966,0.25799435
7,145,0.34502175,0.35980684
7,146,0.55551267,0.4610904
7,147,0.70100725,0.551729
7,148,0.7533001,0.64137655
7,149,0.84118825,0.72500545
7,150,0.88220036,0.7864815
7,151,0.9062554,0.82979953
7,152,0.9162509,0.86113334
7,153,0.91577405,0.88394284
7,154,0.0,0.07285839
7,155,0.73655605,0.45525452
7,156,0.928604,0.53762615
7,157,0.940297,0.60759735
7,158,0.9561831,0.6791572
7,159,0.9570535,0.74271446
7,160,0.96580505,0.7949208
7,161,0.9677492,0.8352416
7,162,0.9691239,0.8649707
7,163,0.9696589,0.8863075
7,164,0.9701939,0.9014665
7,165,0.0,0.06241122
7,166,0.16484807,0.21331427
7,167,0.26114848,0.30330348
7,168,0.37158248,0.3900748
7,169,0.487531,0.49921423
7,170,0.59646297,0.57641494
7,171,0.6695997,0.6665482
7,172,0.7392833,0.73991966
7,173,0.77977437,0.79028594
7,174,0.7981805,0.82381135
7,175,0.80539775,0.84693134
7,176,0.0,0.063667476
7,177,0.41351214,0.40439302
7,178,0.37973142,0.49020687
7,179,0.41194063,0.5621917
7,180,0.46864897,0.6255582
7,181,0.52866364,0.68503547
7,182,0.57354575,0.736812
7,183,0.6159708,0.7796606
7,184,0.6306681,0.81365395
7,185,0.62619644,0.8397888
7,186,0.62172484,0.8595046
7,187,0.0,0.06754124
7,188,0.42375425,0.45355606
7,189,0.51528364,0.5542338
7,190,0.57474744,0.631525
7,191,0.6222055,0.6993565
7,192,0.6505119,0.751007
7,193,0.6776809,0.7915659
7,194,0.69624317,0.8238946
7,195,0.7073247,0.8494315
7,196,0.7123862,0.86926174
7,197,0.72380954,0.88447815
7,198,0.0,0.054254264
7,199,0.7634684,0.5406217
7,200,0.80310345,0.6664382
7,201,0.8138526,0.7335657
7,202,0.84689474,0.7837639
7,203,0.8599026,0.821929
7,204,0.8632645,0.8509494
7,205,0.8760896,0.87244326
7,206,0.8817171,0.8880718
7,207,0.8896237,0.899354
7,208,0.8950171,0.9075183
7,209,0.0,0.06378284
7,210,0.40109998,0.24669817
7,211,0.44990617,0.34489223
7,212,0.50324243,0.44521427
7,213,0.58615613,0.544572
7,214,0.6775086,0.6463981
7,215,0.7730396,0.74308985
7,216,0.8713098,0.8111563
7,217,0.9319024,0.8552557
7,218,0.985178,0.8846979
7,219,1.0384536,0.90470695
7,220,0.0,0.060896516
7,221,0.038465053,0.1281623
7,222,0.062537976,0.17134261
7,223,0.09636457,0.2351177
7,224,0.19683352,0.3339443
7,225,0.5613861,0.4908459
7,226,0.73337,0.6086315
7,227,0.8412157,0.738683
7,228,0.85725415,0.8146329
7,229,0.85699487,0.8567052
7,230,0.85183,0.8852087
7,231,0.0,0.060970604
7,232,0.039805684,0.13369042
7,233,0.06654362,0.17812735
7,234,0.09336501,0.24198675
7,235,0.1956028,0.3409563
7,236,0.35261875,0.4938194
7,237,0.6660704,0.6059137
7,238,0.83489835,0.7319501
7,239,0.8996895,0.8086258
7,240,0.9094068,0.8522679
7,241,0.90433174,0.88211095
7,242,0.0,0.060866326
7,243,0.063925795,0.12836239
7,244,0.07819532,0.17183554
7,245,0.13055192,0.23584557
7,246,0.2307642,0.33488083
7,247,0.44986093,0.49164638
7,248,0.6899212,0.60951096
7,249,0.90614885,0.73927957
7,250,0.9743713,0.81489325
7,251,0.9855166,0.8567682
7,252,0.99676377,0.8851552
7,253,0.0,0.0609276
7,254,0.05131398,0.12849838
7,255,0.081943735,0.17172602
7,256,0.09705769,0.235495
7,257,0.18454525,0.33435535
7,258,0.34237483,0.4910878
7,259,0.5697214,0.60846347
7,260,0.8071897,0.7382762
7,261,0.8034495,0.8143243
7,262,0.8228877,0.85653436
7,263,0.82200646,0.8851248
7,264,0.0,0.065666616
7,265,0.39205188,0.32629433
7,266,0.70304346,0.44812113
7,267,0.74447817,0.5585574
7,268,0.8391352,0.6637426
7,269,0.8576347,0.7590624
7,270,0.8787363,0.8262037
7,271,0.90837455,0.8693992
7,272,0.9510058,0.8968336
7,273,0.9685939,0.91439176
7,274,0.96052253,0.92578185
7,275,0.0,0.06592736
7,276,0.14892384,0.2939793
7,277,0.1880494,0.4014114
7,278,0.25578174,0.49934098
7,279,0.32493487,0.5823227
7,280,0.504075,0.6627532
7,281,0.68562716,0.73339653
7,282,0.78648084,0.7900964
7,283,0.8873346,0.83323145
7,284,0.91135156,0.8648716
7,285,0.93350154,0.88760096
7,286,0.0,0.060349673
7,287,0.08401504,0.15742642
7,288,0.114166655,0.20437568
7,289,0.15641822,0.2624439
7,290,0.21835794,0.35126665
7,291,0.31394356,0.479697
7,292,0.49417526,0.5636983
7,293,0.70887184,0.6663774
7,294,0.846141,0.74741757
7,295,0.8958944,0.80367696
7,296,0.9222222,0.8432816
7,297,0.0,0.06532329
7,298,0.3920354,0.52516264
7,299,0.48477727,0.5983907
7,300,0.5588646,0.6500048
7,301,0.6061393,0.6863621
7,302,0.6417188,0.71078885
7,303,0.66878265,0.7284482
7,304,0.7060974,0.74188733
7,305,0.72405875,0.75248754
7,306,0.74405384,0.76101947
7,307,0.75432944,0.76793325
7,308,0.0,0.060191095
7,309,0.02973708,0.1503253
7,310,0.09974792,0.19407031
7,311,0.17145869,0.2511332
7,312,0.275828,0.33990747
7,313,0.41402957,0.47218242
7,314,0.5265947,0.56234205
7,315,0.6809825,0.67058754
7,316,0.7959626,0.7544036
7,317,0.8835623,0.81093407
7,318,0.97116214,0.85046023
7,319,0.0,0.060925037
7,320,0.18217027,0.1853145
7,321,0.21953674,0.24423492
7,322,0.36181003,0.30414915
7,323,0.4645707,0.38849422
7,324,0.51408845,0.49379444
7,325,0.5696695,0.5567127
7,326,0.5815304,0.63502395
7,327,0.5827465,0.7009828
7,328,0.62896734,0.751486
7,329,0.6816649,0.78850025
7,330,0.0,0.064520955
7,331,0.24237175,0.2511579
7,332,0.29158875,0.34466282
7,333,0.36891508,0.41218677
7,334,0.44364116,0.48449665
7,335,0.5264363,0.525965
7,336,0.6298884,0.5652003
7,337,0.697069,0.6076334
7,338,0.76509935,0.64441293
7,339,0.83710235,0.67566526
7,340,0.8365465,0.70200515
7,341,0.0,0.06161344
7,342,0.1584694,0.19240054
7,343,0.24641496,0.25229117
7,344,0.32797387,0.31069225
7,345,0.40457928,0.39203668
7,346,0.4752878,0.49440363
7,347,0.52290845,0.5552268
7,348,0.56285244,0.63436574
7,349,0.5926944,0.7004677
7,350,0.616061,0.74908805
7,351,0.636303,0.78312165
8,0,0.0,0.026106536
8,1,0.09612544,0.16214243
8,2,0.26992798,0.22533526
8,3,0.42175084,0.31782752
8,4,0.61833704,0.4748203
8,5,0.84262645,0.60314983
8,6,0.89780474,0.72810626
8,7,0.9487454,0.82563776
8,8,0.94678843,0.8820533
8,9,0.9439882,0.9118064
8,10,0.9731136,0.92841375
8,11,0.0,0.023935616
8,12,0.033834588,0.13931105
8,13,0.05368808,0.19133428
8,14,0.1277878,0.2775239
8,15,0.29847094,0.44885865
8,16,0.5173139,0.6163162
8,17,0.7549418,0.75823075
8,18,0.92401403,0.8554908
8,19,0.9789165,0.9040988
8,20,0.9868054,0.9276551
8,21,1.0,0.9403158
8,22,0.0,0.021435648
8,23,0.05945678,0.20789254
8,24,0.1210255,0.3260615
8,25,0.32175258,0.5129676
8,26,0.53591067,0.63600266
8,27,0.72013533,0.7561134
8,28,0.8860291,0.8490046
8,29,0.942434,0.9019978
8,30,0.96416205,0.92973965
8,31,0.98337626,0.9452574
8,32,1.0025773,0.9546552
8,33,0.0,0.036765963
8,34,0.08020202,0.1544989
8,35,0.3316557,0.20216192
8,36,0.5661939,0.26816243
8,37,0.7315574,0.37885866
8,38,0.82993054,0.5427296
8,39,0.8823299,0.6527798
8,40,0.8953374,0.7634766
8,41,0.89768624,0.84334826
8,42,0.9000083,0.8890004
8,43,0.9023839,0.9141625
8,44,0.0,0.03412375
8,45,0.00752858,0.07911065
8,46,0.0322961,0.07709792
8,47,0.067297824,0.086710125
8,48,0.102857426,0.124138296
8,49,0.2371825,0.2052522
8,50,0.3695117,0.34782448
8,51,0.54165906,0.56656337
8,52,0.80835944,0.7605859
8,53,0.900687,0.87351847
8,54,0.9636789,0.91866434
8,55,0.0,0.032717228
8,56,0.44136345,0.29731745
8,57,0.697667,0.4046095
8,58,0.8078435,0.50986004
8,59,0.8184355,0.57454866
8,60,0.829851,0.650437
8,61,0.8435371,0.7259712
8,62,0.8625452,0.7879249
8,63,0.8811362,0.8319967
8,64,0.8971609,0.8616165
8,65,0.9094828,0.8816309
8,66,0.0,0.029263228
8,67,0.31790674,0.21397668
8,68,0.4409734,0.2873624
8,69,0.54116887,0.38844392
8,70,0.62458193,0.5119956
8,71,0.7006165,0.6162396
8,72,0.7660581,0.7205072
8,73,0.8136025,0.7968411
8,74,0.84761906,0.8432591
8,75,0.8740432,0.8706621
8,76,0.8937359,0.88754493
8,77,0.0,0.043724954
8,78,0.431309,0.1509211
8,79,0.46950135,0.19111168
8,80,0.4915197,0.24303444
8,81,0.49630955,0.3174283
8,82,0.5054428,0.4459276
8,83,0.5598698,0.5717149
8,84,0.62003446,0.67901564
8,85,0.671174,0.7837871
8,86,0.71310955,0.85876507
8,87,0.7605313,0.90189636
8,88,0.0,0.018385142
8,89,0.18978792,0.15683988
8,90,0.2842976,0.22440226
8,91,0.44623697,0.32173806
8,92,0.7331877,0.4476068
8,93,0.95140314,0.58639085
8,94,0.970993,0.72728
8,95,0.9898575,0.8273696
8,96,0.9960084,0.8816911
8,97,0.9950825,0.90968394
8,98,0.99203086,0.92506826
8,99,0.0,0.040067285
8,100,0.06605323,0.19962662
8,101,0.106631845,0.36528066
8,102,0.18593049,0.47832724
8,103,0.28194106,0.6462314
8,104,0.43316278,0.79504085
8,105,0.61833334,0.8738708
8,106,0.76726437,0.91388434
8,107,0.8422477,0.9356519
8,108,0.8641928,0.9483969
8,109,0.86098653,0.9562733
8,110,0.0,0.038374364
8,111,0.19403292,0.12964097
8,112,0.2661182,0.15795216
8,113,0.35174996,0.1938253
8,114,0.4126631,0.24713776
8,115,0.47542566,0.33394817
8,116,0.5592745,0.48178825
8,117,0.7019879,0.6209265
8,118,0.89562905,0.75767016
8,119,0.9865294,0.853575
8,120,1.0035732,0.9036361
8,121,0.0,0.016811967
8,122,0.55602694,0.10046628
8,123,0.54019386,0.11560133
8,124,0.5484804,0.1377025
8,125,0.5485461,0.18333492
8,126,0.5729725,0.25923502
8,127,0.61732703,0.37125754
8,128,0.679118,0.4882149
8,129,0.79491657,0.63719857
8,130,0.913176,0.7484782
8,131,0.9857432,0.806872
8,132,0.0,0.03134966
8,133,0.60734105,0.5241786
8,134,0.7283675,0.6353955
8,135,0.74508923,0.69970024
8,136,0.74825275,0.7437837
8,137,0.7475891,0.77506626
8,138,0.750648,0.7988732
8,139,0.7493265,0.8174453
8,140,0.74408436,0.8319778
8,141,0.74627733,0.8433734
8,142,0.74647886,0.8523668
8,143,0.0,0.02997008
8,144,0.13353525,0.1720666
8,145,0.20473081,0.2525222
8,146,0.27984172,0.37710506
8,147,0.44553185,0.5506742
8,148,0.5491452,0.67932194
8,149,0.66030085,0.7927264
8,150,0.7465603,0.8634473
8,151,0.78247046,0.90093493
8,152,0.8165951,0.92128396
8,153,0.8452603,0.93319905
8,154,0.0,0.03181526
8,155,0.39298072,0.20419928
8,156,0.5849335,0.28432873
8,157,0.7294232,0.39717504
8,158,0.85937816,0.52925354
8,159,0.88894165,0.63767725
8,160,0.8956016,0.7527081
8,161,0.908229,0.8392079
8,162,0.9153169,0.8896885
8,163,0.9241522,0.91726875
8,164,0.9274923,0.93316126
8,165,0.0,0.029803067
8,166,0.38403293,0.46727544
8,167,0.44166797,0.5708074
8,168,0.48966068,0.64974594
8,169,0.5531078,0.7157651
8,170,0.6304702,0.76775676
8,171,0.6898791,0.80933785
8,172,0.7409602,0.8418957
8,173,0.7727145,0.8669379
8,174,0.81244123,0.8859441
8,175,0.9268293,0.90023506
8,176,0.0,0.02861002
8,177,0.5171979,0.46931705
8,178,0.67389536,0.5674296
8,179,0.77740276,0.64800525
8,180,0.85189813,0.71492195
8,181,0.9040843,0.76855767
8,182,0.9445529,0.81208056
8,183,0.96476233,0.8463831
8,184,0.9811576,0.8727938
8,185,0.98757,0.8927672
8,186,0.9877576,0.90769637
8,187,0.0,0.033349335
8,188,0.20915592,0.28254768
8,189,0.3411547,0.4119
8,190,0.43107614,0.51669383
8,191,0.45293108,0.5712844
8,192,0.47483534,0.6172476
8,193,0.51381695,0.6619242
8,194,0.5527985,0.7040651
8,195,0.58117086,0.7423287
8,196,0.6000531,0.77578586
8,197,0.61893535,0.80413413
8,198,0.0,0.013056546
8,199,0.7234216,0.44351745
8,200,0.7730318,0.5853804
8,201,0.8044961,0.6673175
8,202,0.8144278,0.7371133
8,203,0.8194973,0.7924329
8,204,0.8206114,0.8355378
8,205,0.8215982,0.86876476
8,206,0.8225849,0.89398354
8,207,0.8235717,0.91272163
8,208,0.8245584,0.9263692
8,209,0.0,0.016170204
8,210,0.66558355,0.49391645
8,211,0.8413854,0.6079992
8,212,0.9127626,0.68156946
8,213,0.94996893,0.7437197
8,214,0.9609763,0.7909932
8,215,0.9679922,0.82805896
8,216,0.9749656,0.8572229
8,217,0.9819389,0.87980586
8,218,0.9889123,0.8971105
8,219,0.99588567,0.91025066
8,220,0.0,0.021936446
8,221,0.06574925,0.059185654
8,222,0.11446494,0.06138119
8,223,0.13581297,0.0951145
8,224,0.25609002,0.1767138
8,225,0.49115708,0.3255318
8,226,0.7108047,0.58201
8,227,0.8836547,0.7541965
8,228,0.92017245,0.84654224
8,229,0.8845126,0.885172
8,230,0.9171727,0.9020386
8,231,0.0,0.01989016
8,232,0.103400186,0.06864923
8,233,0.16304688,0.07698813
8,234,0.32800993,0.1184749
8,235,0.6356527,0.2126584
8,236,0.8069662,0.39727536
8,237,0.93836796,0.6347323
8,238,0.97153246,0.78691447
8,239,0.94889516,0.86317426
8,240,0.99340856,0.89551914
8,241,0.99352753,0.9103488
8,242,0.0,0.03555566
8,243,0.3677874,0.20649451
8,244,0.44178307,0.27779037
8,245,0.5214169,0.37976053
8,246,0.6016711,0.5022339
8,247,0.7049661,0.61916935
8,248,0.8082612,0.74267304
8,249,0.8808461,0.83544326
8,250,0.9514016,0.8897433
8,251,0.9607177,0.91956437
8,252,0.97003376,0.9367397
8,253,0.0,0.010505259
8,254,0.23218337,0.30051395
8,255,0.34790063,0.38538638
8,256,0.53168386,0.46826652
8,257,0.57545865,0.544168
8,258,0.6341359,0.6272659
8,259,0.7134155,0.69844055
8,260,0.79038864,0.7525878
8,261,0.8424921,0.79179764
8,262,0.8935817,0.81999964
8,263,0.9183012,0.84047675
8,264,0.0,0.016430765
8,265,0.16238703,0.13643539
8,266,0.2826419,0.22006854
8,267,0.37867743,0.35116607
8,268,0.47773156,0.47949368
8,269,0.56814104,0.65957695
8,270,0.64822465,0.8109778
8,271,0.7382367,0.89014685
8,272,0.8200654,0.9269742
8,273,0.91254884,0.94553435
8,274,1.0,0.95573616
8,275,0.0,0.040904015
8,276,0.4068114,0.5393
8,277,0.4746926,0.6499052
8,278,0.52593833,0.7174475
8,279,0.57591057,0.76301956
8,280,0.6047919,0.7919877
8,281,0.63999784,0.81137323
8,282,0.6717778,0.824737
8,283,0.6881787,0.8341738
8,284,0.70837104,0.840981
8,285,0.7138612,0.8459825
8,286,0.0,0.018711716
8,287,0.14007273,0.20934856
8,288,0.21681769,0.28400344
8,289,0.3260771,0.37105823
8,290,0.40962836,0.45118183
8,291,0.4492841,0.5376272
8,292,0.48650888,0.64270264
8,293,0.52096415,0.72861195
8,294,0.5526617,0.7882372
8,295,0.58435935,0.82722807
8,296,0.6160569,0.85298204
8,297,0.0,0.040028125
8,298,0.035030298,0.1664986
8,299,0.09084185,0.21028626
8,300,0.14626399,0.26636696
8,301,0.23661405,0.34706503
8,302,0.35066998,0.47975752
8,303,0.43684664,0.5901772
8,304,0.6336307,0.7016395
8,305,0.7733802,0.793116
8,306,0.8523091,0.85103154
8,307,0.93123794,0.884112
8,308,0.0,0.037225157
8,309,0.14643104,0.202031
8,310,0.258313,0.25160775
8,311,0.345794,0.30867165
8,312,0.39920303,0.37190393
8,313,0.4536601,0.45021704
8,314,0.50769836,0.5328345
8,315,0.5649312,0.6200566
8,316,0.62647706,0.70220184
8,317,0.66518635,0.76551425
8,318,0.6983812,0.8087505
8,319,0.0,0.04143533
8,320,0.35625744,0.53256416
8,321,0.42397356,0.6298718
8,322,0.47513705,0.69411254
8,323,0.51613975,0.7454891
8,324,0.5802418,0.7823538
8,325,0.63897496,0.8094008
8,326,0.6671422,0.8294647
8,327,0.6921573,0.8444556
8,328,0.7080502,0.8557475
8,329,0.72394305,0.86431825
8,330,0.0,0.027381808
8,331,0.39461333,0.47585922
8,332,0.48497182,0.5637187
8,333,0.56536275,0.63761836
8,334,0.6513386,0.698941
8,335,0.68327385,0.7478142
8,336,0.74279565,0.788517
8,337,0.7728795,0.8225709
8,338,0.7961431,0.8506527
8,339,0.82488555,0.8732847
8,340,0.8633607,0.8910997
8,341,0.0,0.027338684
8,342,0.531387,0.5074271
8,343,0.5684544,0.60653746
8,344,0.58585507,0.6572633
8,345,0.59740216,0.69885576
8,346,0.6117713,0.73121643
8,347,0.6177929,0.75796854
8,348,0.6207675,0.780905
8,349,0.6207675,0.80060947
8,350,0.6263116,0.81746507
8,351,0.6343115,0.83175075
9,0,0.0,0.019821346
9,1,0.6986569,0.3081928
9,2,0.83485883,0.4192859
9,3,0.919592,0.5167465
9,4,0.94786525,0.6147361
9,5,0.9530849,0.7099376
9,6,0.9661811,0.790319
9,7,0.9792773,0.8502907
9,8,0.98441535,0.8921876
9,9,0.9895264,0.92167515
9,10,0.99193066,0.9439018
9,11,0.0,0.01468344
9,12,0.048562128,0.13647637
9,13,0.078971714,0.25326842
9,14,0.33482936,0.4201125
9,15,0.61885375,0.6082611
9,16,0.8170103,0.7598513
9,17,0.9547702,0.84908634
9,18,0.9743061,0.9046468
9,19,0.98009515,0.939552
9,20,0.9854185,0.9622776
9,21,1.0051546,0.9763362
9,22,0.0,0.023178607
9,23,0.48071375,0.42428917
9,24,0.57623225,0.5084861
9,25,0.694677,0.5647211
9,26,0.8315948,0.60196656
9,27,0.9241015,0.6296864
9,28,0.92421526,0.6533625
9,29,0.924329,0.6752305
9,30,0.9458269,0.696049
9,31,0.9676077,0.7157425
9,32,0.9893884,0.7337466
9,33,0.0,0.01516746
9,34,0.025736997,0.07621147
9,35,0.05575784,0.10243313
9,36,0.11892283,0.18042596
9,37,0.17867246,0.24910061
9,38,0.2323121,0.40130776
9,39,0.38018662,0.6017449
9,40,0.6520952,0.7953338
9,41,0.9153913,0.90026647
9,42,0.9949805,0.9489779
9,43,1.0090632,0.97187203
9,44,0.0,0.020618588
9,45,0.9775538,0.41041356
9,46,1.0041564,0.5475563
9,47,1.0120484,0.6459637
9,48,1.0188311,0.71410966
9,49,1.0241935,0.7708979
9,50,1.0296689,0.8173621
9,51,1.0308865,0.85235786
9,52,1.0288678,0.877057
9,53,1.0265908,0.8938047
9,54,1.0241935,0.90473646
9,55,0.0,0.022982687
9,56,0.8272258,0.49389356
9,57,1.0442353,0.62321067
9,58,1.0335876,0.6839807
9,59,1.0376137,0.73148614
9,60,1.0376344,0.77632827
9,61,1.0390068,0.81337273
9,62,1.0416862,0.8421719
9,63,1.0437076,0.86458355
9,64,1.0410912,0.88246614
9,65,1.0362903,0.89716214
9,66,0.0,0.020081013
9,67,0.5896402,0.37986875
9,68,0.7834194,0.510813
9,69,0.96022207,0.6182956
9,70,1.0067062,0.69515634
9,71,1.0040323,0.7577188
9,72,1.0067487,0.8083816
9,73,1.0121822,0.8467488
9,74,1.0182867,0.8738896
9,75,1.01521,0.89229125
9,76,1.0080645,0.9043904
9,77,0.0,0.019035846
9,78,0.39373374,0.22314845
9,79,0.48122114,0.34284726
9,80,0.5502597,0.40749985
9,81,0.60738385,0.4665506
9,82,0.640183,0.5255791
9,83,0.67630416,0.58250076
9,84,0.69195694,0.6348016
9,85,0.7243482,0.6810498
9,86,0.7650846,0.72106385
9,87,0.828125,0.7555667
9,88,0.0,0.012675136
9,89,0.21158916,0.1949138
9,90,0.35072178,0.32081935
9,91,0.4837954,0.406776
9,92,0.57803446,0.5111476
9,93,0.66638356,0.63383937
9,94,0.7711446,0.755013
9,95,0.89204973,0.8465808
9,96,0.98578763,0.90517396
9,97,0.9986486,0.94198895
9,98,0.99798423,0.965354
9,99,0.0,0.023584068
9,100,0.11005962,0.15527222
9,101,0.15583351,0.25003764
9,102,0.20599374,0.32959023
9,103,0.26815262,0.41273868
9,104,0.33286446,0.49752796
9,105,0.42159176,0.58218753
9,106,0.4908431,0.6627623
9,107,0.5579903,0.73421633
9,108,0.6337198,0.79274726
9,109,0.7545197,0.8374697
9,110,0.0,0.020300657
9,111,0.67567116,0.15874535
9,112,0.8045655,0.24293742
9,113,0.8788207,0.32031476
9,114,0.9287812,0.38382298
9,115,0.9706095,0.45019802
9,116,0.9968629,0.5104958
9,117,1.0008948,0.56363946
9,118,0.99779737,0.60821927
9,119,0.99779737,0.6438818
9,120,0.99779737,0.6711035
9,121,0.0,0.011328638
9,122,0.062965654,0.10245052
9,123,0.16836688,0.15407
9,124,0.19192754,0.24393128
9,125,0.2330686,0.34850737
9,126,0.27912217,0.50954425
9,127,0.34005415,0.69830126
9,128,0.46876085,0.84518194
9,129,0.68466616,0.9202111
9,130,0.8880077,0.9571015
9,131,0.9690063,0.9742314
9,132,0.0,0.021255404
9,133,0.56054944,0.4433676
9,134,0.6867708,0.5526184
9,135,0.7145217,0.6329378
9,136,0.79000986,0.7108325
9,137,0.8626017,0.78304696
9,138,0.9119593,0.8409056
9,139,0.9396792,0.88346493
9,140,0.966412,0.9144875
9,141,0.9713862,0.9384932
9,142,0.9856902,0.9581884
9,143,0.0,0.021432161
9,144,0.47453368,0.4131564
9,145,0.5066029,0.5221929
9,146,0.545533,0.60975397
9,147,0.59300673,0.6928361
9,148,0.62772214,0.7703785
9,149,0.68000966,0.8327331
9,150,0.73439497,0.8781613
9,151,0.7834145,0.9104981
9,152,0.88847345,0.93474036
9,153,0.935437,0.95419866
9,154,0.0,0.012561157
9,155,0.5125907,0.5990888
9,156,0.58502007,0.71816164
9,157,0.64909834,0.7502076
9,158,0.7043204,0.7746317
9,159,0.751321,0.79951775
9,160,0.7781155,0.8252289
9,161,0.80915606,0.85215706
9,162,0.8293527,0.8806198
9,163,0.84239453,0.9104245
9,164,0.8600171,0.93888474
9,165,0.0,0.016552538
9,166,0.6238707,0.4049183
9,167,0.7890835,0.5447184
9,168,0.81576484,0.64779156
9,169,0.8356049,0.725033
9,170,0.85544497,0.7913163
9,171,0.8685026,0.84429055
9,172,0.88138515,0.8835102
9,173,0.89090663,0.9117476
9,174,0.89662826,0.9322227
9,175,0.9023499,0.94666904
9,176,0.0,0.020260394
9,177,0.5844379,0.40313765
9,178,0.62479967,0.5056873
9,179,0.67179054,0.60123444
9,180,0.7426248,0.698652
9,181,0.84239936,0.78700304
9,182,0.9252108,0.8535119
9,183,0.9971412,0.8992105
9,184,1.0172882,0.93089026
9,185,1.0297359,0.9544474
9,186,1.0421836,0.9724159
9,187,0.0,0.016360506
9,188,0.29814672,0.14142543
9,189,0.3407591,0.19294551
9,190,0.40202546,0.28259906
9,191,0.497133,0.36539668
9,192,0.60039985,0.48295537
9,193,0.7166392,0.62762463
9,194,0.8392025,0.7560985
9,195,0.8808602,0.83986336
9,196,0.91090155,0.8916977
9,197,0.94094294,0.9236764
9,198,0.0,0.019034207
9,199,0.33231214,0.30162853
9,200,0.35793158,0.40479445
9,201,0.42431584,0.49399137
9,202,0.5696248,0.59615105
9,203,0.7370327,0.7042539
9,204,0.8707123,0.79517645
9,205,0.9855089,0.8595453
9,206,1.0069997,0.90195507
9,207,1.0155361,0.9302792
9,208,1.0240724,0.95041174
9,209,0.0,0.017612353
9,210,0.4998553,0.286576
9,211,0.60082656,0.36924434
9,212,0.67853296,0.449588
9,213,0.7701296,0.5206126
9,214,0.8617003,0.59024066
9,215,0.94330245,0.65914536
9,216,0.9904641,0.7252996
9,217,1.0008031,0.78728706
9,218,1.0043875,0.8434198
9,219,1.0031415,0.8903865
9,220,0.0,0.012649238
9,221,0.039192162,0.092619866
9,222,0.06585682,0.107349485
9,223,0.10092126,0.16664638
9,224,0.21982633,0.27000305
9,225,0.571892,0.44482005
9,226,0.74106884,0.65976876
9,227,0.82599574,0.80969435
9,228,0.8557612,0.8828205
9,229,0.8534799,0.9244068
9,230,0.84149045,0.94850737
9,231,0.0,0.0132677555
9,232,0.01716137,0.045757443
9,233,0.045730684,0.052646935
9,234,0.053582963,0.11844517
9,235,0.11705788,0.19939512
9,236,0.22462657,0.29486302
9,237,0.42849305,0.48615074
9,238,0.7021376,0.704826
9,239,0.81486934,0.8405825
9,240,0.8078582,0.90415287
9,241,0.8141925,0.9371523
9,242,0.0,0.0074596405
9,243,0.16299118,0.19695559
9,244,0.2627366,0.31865874
9,245,0.4010371,0.4587715
9,246,0.6132972,0.591251
9,247,0.8368253,0.70218104
9,248,0.9404094,0.78651434
9,249,0.9811242,0.84749717
9,250,0.99068326,0.8883461
9,251,0.9930347,0.9141235
9,252,0.9968944,0.93004394
9,253,0.0,0.01934813
9,254,0.38556275,0.3967101
9,255,0.56374407,0.5081722
9,256,0.6646854,0.6023835
9,257,0.7768862,0.6889465
9,258,0.8551096,0.76696473
9,259,0.91363037,0.8288668
9,260,0.9394999,0.87393945
9,261,0.9641658,0.9061983
9,262,0.9750721,0.93053025
9,263,0.99478024,0.9501887
9,264,0.0,0.026991934
9,265,0.17434633,0.19468175
9,266,0.17718038,0.29512087
9,267,0.17260224,0.3808565
9,268,0.18047372,0.46665192
9,269,0.18777314,0.5381666
9,270,0.19478926,0.5967744
9,271,0.21840042,0.6441361
9,272,0.3759497,0.68241876
9,273,0.8054179,0.71369505
9,274,0.9972145,0.73947376
9,275,0.0,0.0072446465
9,276,0.09433653,0.19957829
9,277,0.1321853,0.32178253
9,278,0.17735969,0.4603194
9,279,0.2583874,0.59120256
9,280,0.4005839,0.7017295
9,281,0.6213653,0.7865172
9,282,0.8664771,0.8477147
9,283,0.97763616,0.8884539
9,284,0.98052233,0.914049
9,285,0.9884247,0.92985785
9,286,0.0,0.019682184
9,287,0.6844607,0.4745515
9,288,0.7828267,0.5697609
9,289,0.84044564,0.6184351
9,290,0.8834013,0.6568038
9,291,0.8974972,0.68708646
9,292,0.90885276,0.7115578
9,293,0.9088075,0.7318616
9,294,0.91340655,0.7485994
9,295,0.9082454,0.7620736
9,296,0.9132774,0.77263254
9,297,0.0,0.021120846
9,298,0.44907942,0.42474538
9,299,0.5605257,0.54237807
9,300,0.6252052,0.6083207
9,301,0.6710406,0.6615844
9,302,0.73462987,0.7241212
9,303,0.7780664,0.80586606
9,304,0.8167911,0.8870098
9,305,0.87096375,0.9558357
9,306,0.9507339,0.99078715
9,307,1.0092807,1.0048363
9,308,0.0,0.018739805
9,309,0.1649852,0.2697115
9,310,0.26667494,0.36817765
9,311,0.3730588,0.445805
9,312,0.4636184,0.53810096
9,313,0.5887006,0.6464802
9,314,0.7204122,0.7504755
9,315,0.8464169,0.8295556
9,316,0.9131439,0.8822716
9,317,0.9457081,0.91650355
9,318,0.9271914,0.9398481
9,319,0.0,0.015194565
9,320,0.060153063,0.105191305
9,321,0.07397667,0.14410861
9,322,0.07191334,0.22695173
9,323,0.17801896,0.3608804
9,324,0.3964261,0.595541
9,325,0.7652495,0.82389396
9,326,0.9923329,0.9325612
9,327,0.99353355,0.9747255
9,328,0.9947343,0.9923115
9,329,0.99593496,0.9986341
9,330,0.0,0.019560352
9,331,0.6135271,0.52506757
9,332,0.7677674,0.64752185
9,333,0.8403138,0.71414185
9,334,0.8989162,0.77240634
9,335,0.9326028,0.8216756
9,336,0.95939535,0.8606045
9,337,0.975599,0.8911181
9,338,0.98512995,0.9155527
9,339,0.99168986,0.9357528
9,340,0.9982498,0.9525065
9,341,0.0,0.0247989
9,342,0.7208521,0.46174645
9,343,0.7663076,0.53099877
9,344,0.79790694,0.5660628
9,345,0.82663035,0.6021842
9,346,0.83951455,0.6310462
9,347,0.85188264,0.6510491
9,348,0.85581315,0.664234
9,349,0.858446,0.67227936
9,350,0.861129,0.6764515
9,351,0.86383927,0.6778575
10,0,0.0,0.006988257
10,1,0.27311075,0.36187053
10,2,0.50214,0.45740098
10,3,0.65427953,0.55388963
10,4,0.7342265,0.6260435
10,5,0.77406657,0.6817188
10,6,0.7898424,0.72359395
10,7,0.79626,0.75444144
10,8,0.8000038,0.7769557
10,9,0.7997369,0.7933924
10,10,0.79947,0.80547214
10,11,0.0,0.007791579
10,12,0.16527341,0.37604612
10,13,0.40858188,0.47016674
10,14,0.59977955,0.5651386
10,15,0.71056664,0.6353346
10,16,0.7641656,0.6892538
10,17,0.7910427,0.729657
10,18,0.80060476,0.7594062
10,19,0.8053081,0.78116363
10,20,0.80894166,0.79709727
10,21,0.810089,0.8088423
10,22,0.07733333,0.015263036
10,23,0.17865834,0.29536963
10,24,0.20928334,0.40978855
10,25,0.24181086,0.5012943
10,26,0.289728,0.5692629
10,27,0.34021333,0.62644506
10,28,0.479104,0.6738392
10,29,0.6272427,0.7090511
10,30,0.7932729,0.73304623
10,31,0.90258133,0.7488019
10,32,0.984,0.75968945
10,33,0.0,0.01741673
10,34,0.3267097,0.15675732
10,35,0.41954094,0.24304911
10,36,0.49096146,0.33601597
10,37,0.5692473,0.41557455
10,38,0.65571946,0.50516397
10,39,0.7570276,0.59364027
10,40,0.8593863,0.6713768
10,41,0.9589618,0.7321714
10,42,0.9919355,0.775148
10,43,0.9919355,0.80336934
10,44,0.0,0.016187042
10,45,0.61394864,0.081176445
10,46,0.7258065,0.12646478
10,47,0.7925509,0.2067261
10,48,0.83928573,0.3317001
10,49,0.8811828,0.49839306
10,50,0.9327957,0.6557641
10,51,0.96908605,0.76772076
10,52,0.9951244,0.8336653
10,53,1.0008321,0.86824894
10,54,0.99596775,0.8852879
10,55,0.0,0.003549382
10,56,0.4103896,0.37171042
10,57,0.6472727,0.47725862
10,58,0.78060603,0.5852247
10,59,0.82666665,0.67747676
10,60,0.8727273,0.7578928
10,61,0.934026,0.8202325
10,62,0.96831167,0.8656438
10,63,0.9825108,0.8985861
10,64,0.9873593,0.92306024
10,65,0.99220777,0.94132906
10,66,0.0,0.003142044
10,67,0.12738866,0.17704739
10,68,0.20094264,0.3114364
10,69,0.28069407,0.44067907
10,70,0.351349,0.58447623
10,71,0.3491175,0.720499
10,72,0.41909122,0.82106423
10,73,0.49868765,0.88209206
10,74,0.59693956,0.9141006
10,75,0.72197676,0.92907304
10,76,0.8620241,0.9353518
10,77,0.0,0.00850527
10,78,0.21806599,0.19731419
10,79,0.262125,0.3177116
10,80,0.38312656,0.4026693
10,81,0.48853296,0.47903126
10,82,0.6501241,0.55032927
10,83,0.7344913,0.61507136
10,84,0.8445748,0.67250985
10,85,0.9093338,0.7225917
10,86,0.9293932,0.7656957
10,87,0.9528536,0.80231553
10,88,0.0,0.031475067
10,89,0.06248424,0.14766516
10,90,0.1350383,0.24463487
10,91,0.1967884,0.31818038
10,92,0.30788076,0.39552185
10,93,0.44244435,0.47179157
10,94,0.49494368,0.54295665
10,95,0.54498905,0.6053673
10,96,0.589744,0.6572483
10,97,0.61795896,0.69858325
10,98,0.6388183,0.7304937
10,99,0.0,0.030593172
10,100,0.065477036,0.14520492
10,101,0.15902744,0.24187303
10,102,0.22870971,0.31664234
10,103,0.357982,0.39394736
10,104,0.52931005,0.47024566
10,105,0.58902574,0.54142225
10,106,0.6380935,0.60388666
10,107,0.67052156,0.6558631
10,108,0.68464476,0.6973216
10,109,0.6914153,0.7293674
10,110,0.0,0.015272856
10,111,0.45075455,0.341838
10,112,0.5674013,0.446789
10,113,0.6270802,0.54292345
10,114,0.67321867,0.61491376
10,115,0.72477883,0.679735
10,116,0.8116284,0.7348842
10,117,0.88439167,0.776769
10,118,0.94796026,0.80644655
10,119,0.98508215,0.8267097
10,120,0.9956779,0.84046715
10,121,0.0,0.013599083
10,122,0.014856769,0.0901245
10,123,0.026485015,0.114019364
10,124,0.0514985,0.17538121
10,125,0.08823761,0.26735952
10,126,0.15933298,0.39412838
10,127,0.23952179,0.5519933
10,128,0.3719855,0.69738877
10,129,0.54190725,0.7995518
10,130,0.73096603,0.8581328
10,131,0.9103859,0.8871805
10,132,0.0,0.0021782666
10,133,0.07236213,0.353337
10,134,0.14472426,0.47577524
10,135,0.23892058,0.60267735
10,136,0.46841288,0.70744455
10,137,0.6979052,0.79056716
10,138,0.81539255,0.8485328
10,139,0.9312626,0.88517076
10,140,0.96032286,0.90759605
10,141,0.97137237,0.9217228
10,142,0.9824219,0.93132037
10,143,0.0,0.015880123
10,144,0.11142673,0.5296646
10,145,0.19816405,0.6234906
10,146,0.314202,0.68057704
10,147,0.44495642,0.7194996
10,148,0.56910557,0.7486082
10,149,0.64100087,0.7699148
10,150,0.6888029,0.7859443
10,151,0.714589,0.79819554
10,152,0.7210227,0.80751175
10,153,0.7210227,0.81447786
10,154,0.0,0.020252988
10,155,0.18749344,0.043535277
10,156,0.28998873,0.08445412
10,157,0.39825505,0.13754828
10,158,0.50876045,0.21495757
10,159,0.59892637,0.31616205
10,160,0.6709246,0.49349785
10,161,0.7285655,0.6462223
10,162,0.7587386,0.745846
10,163,0.776462,0.80299515
10,164,0.78494316,0.83539456
10,165,0.0,0.011606753
10,166,0.5201704,0.3789244
10,167,0.59377813,0.4708482
10,168,0.7024671,0.5621939
10,169,0.7768849,0.6353591
10,170,0.85297704,0.70012033
10,171,0.90384394,0.7533825
10,172,0.936946,0.7956737
10,173,0.960224,0.8295111
10,174,0.96792203,0.8572762
10,175,0.9856932,0.8804168
10,176,0.0,0.008753195
10,177,0.4596265,0.3571686
10,178,0.5198234,0.44353497
10,179,0.5175018,0.51705873
10,180,0.55740786,0.5663878
10,181,0.59571755,0.61047554
10,182,0.63397574,0.64848465
10,183,0.6722339,0.6800836
10,184,0.68674976,0.7062629
10,185,0.6923241,0.7279056
10,186,0.69070894,0.7454163
10,187,0.0,0.0017756373
10,188,0.4987811,0.36592412
10,189,0.63337463,0.46318477
10,190,0.74107313,0.5525935
10,191,0.83315235,0.6315602
10,192,0.8932821,0.7062649
10,193,0.95143116,0.77230316
10,194,0.9824518,0.8264151
10,195,0.98725104,0.8681498
10,196,0.9926381,0.89892834
10,197,1.0038012,0.9209163
10,198,0.0,0.005049005
10,199,0.26516035,0.203494
10,200,0.52246493,0.30566067
10,201,0.79597336,0.41752684
10,202,0.8882085,0.56392306
10,203,0.9271939,0.72345316
10,204,0.9485666,0.84604615
10,205,0.9562025,0.91397864
10,206,0.9614608,0.9431416
10,207,0.96262836,0.9519649
10,208,0.9609406,0.95180845
10,209,0.0,0.009062365
10,210,0.3417986,0.1957342
10,211,0.5187515,0.3079144
10,212,0.6456651,0.39658803
10,213,0.7032753,0.48006696
10,214,0.74916184,0.56238467
10,215,0.7912108,0.63897115
10,216,0.8294061,0.70653945
10,217,0.8578106,0.76338774
10,218,0.87537545,0.80956244
10,219,0.8929403,0.84615284
10,220,0.0,0.004661903
10,221,0.52659917,0.39804673
10,222,0.6188534,0.4730193
10,223,0.67071766,0.53555936
10,224,0.7321036,0.5822283
10,225,0.7397061,0.6174509
10,226,0.77501905,0.6433888
10,227,0.8025495,0.662216
10,228,0.8259706,0.67578596
10,229,0.85171366,0.6855323
10,230,0.8700171,0.69251186
10,231,0.0,0.014269754
10,232,0.6510236,0.5265891
10,233,0.69420344,0.6360333
10,234,0.7118207,0.7181124
10,235,0.7291626,0.76961255
10,236,0.76655513,0.8044924
10,237,0.79019994,0.8277516
10,238,0.80384946,0.84328717
10,239,0.8263637,0.8538258
10,240,0.8445917,0.8611321
10,241,0.8600171,0.8663099
10,242,0.0,0.004257694
10,243,0.22274399,0.42317885
10,244,0.34484842,0.51739216
10,245,0.43298826,0.5936748
10,246,0.51293284,0.64830214
10,247,0.5910094,0.69757426
10,248,0.6687487,0.738931
10,249,0.7496267,0.7735548
10,250,0.81475896,0.80362344
10,251,0.86099845,0.83075184
10,252,0.898135,0.85559326
10,253,0.0,0.011952177
10,254,0.045948956,0.064541355
10,255,0.07114068,0.09290154
10,256,0.102032416,0.1548806
10,257,0.19026095,0.2748707
10,258,0.3307284,0.4688567
10,259,0.52153766,0.672247
10,260,0.79157865,0.80442035
10,261,0.8049894,0.8683666
10,262,0.8093477,0.8942231
10,263,0.8162817,0.9020405
10,264,0.0,0.015202507
10,265,0.021048237,0.037648425
10,266,0.041396346,0.069536075
10,267,0.06696628,0.105176285
10,268,0.11766723,0.17051125
10,269,0.23321822,0.25511864
10,270,0.43655267,0.44419378
10,271,0.65401834,0.66972
10,272,0.8542547,0.8043079
10,273,0.88561714,0.8627925
10,274,0.89466447,0.88607955
10,275,0.0,0.015192419
10,276,0.4247617,0.28926906
10,277,0.4918458,0.37749374
10,278,0.5450217,0.4463789
10,279,0.5695224,0.5083566
10,280,0.60888875,0.5691992
10,281,0.6471996,0.62708604
10,282,0.68691385,0.6806864
10,283,0.7314964,0.7291208
10,284,0.79981345,0.77187616
10,285,0.8417044,0.80890137
10,286,0.0,0.013063416
10,287,0.19077592,0.23830956
10,288,0.23657914,0.36718458
10,289,0.27791956,0.48057497
10,290,0.31681442,0.5838494
10,291,0.35570928,0.67171425
10,292,0.40364903,0.7402726
10,293,0.45163447,0.7889636
10,294,0.50396484,0.8214437
10,295,0.5603441,0.842863
10,296,0.6167233,0.85753745
10,297,0.0,0.0017011762
10,298,0.010132591,0.2843049
10,299,0.02278912,0.38264847
10,300,0.03784155,0.45613146
10,301,0.27844307,0.51903987
10,302,0.60384005,0.57732964
10,303,0.73277104,0.6306598
10,304,0.8765242,0.6777612
10,305,0.8990954,0.71780956
10,306,0.9051279,0.750885
10,307,0.9104815,0.77777046
10,308,0.0,0.007410273
10,309,0.5747303,0.45818204
10,310,0.76897615,0.54799837
10,311,0.85058314,0.59946924
10,312,0.8730439,0.65355366
10,313,0.900979,0.710174
10,314,0.9300562,0.7761125
10,315,0.94124585,0.84733635
10,316,0.9608734,0.9081413
10,317,0.99599177,0.9468518
10,318,1.0092729,0.9621789
10,319,0.0,0.011111185
10,320,0.14838476,0.14071813
10,321,0.23784007,0.23700017
10,322,0.31137705,0.32562795
10,323,0.37323007,0.38993365
10,324,0.4121363,0.45210207
10,325,0.46669883,0.5093106
10,326,0.50949395,0.56077075
10,327,0.53620476,0.6063174
10,328,0.57963973,0.64616317
10,329,0.62684435,0.6806605
10,330,0.0,0.00563474
10,331,0.70475096,0.34122488
10,332,0.7314837,0.44513342
10,333,0.74293,0.5447646
10,334,0.7560148,0.6289799
10,335,0.77026105,0.7087123
10,336,0.8114998,0.77635705
10,337,0.84366095,0.8296198
10,338,0.86600477,0.87115437
10,339,0.880503,0.90430945
10,340,0.8801893,0.9308631
10,341,0.0,0.013029575
10,342,0.19986233,0.37794876
10,343,0.29092312,0.47184592
10,344,0.39032376,0.5624736
10,345,0.5004307,0.63076884
10,346,0.61053765,0.6912892
10,347,0.7293734,0.74065363
10,348,0.84845114,0.7789022
10,349,0.9143096,0.8084619
10,350,0.91963136,0.8318526
10,351,0.9249531,0.8509097
